Track_ID,All_Time_Rank,Track_Score
trk01,1,725.4
trk02,2,545.9
trk03,3,538.4
trk04,4,444.9
trk05,5,423.3
trk06,6,410.1
trk07,7,407.2
trk08,8,375.8
trk09,9,355.7
trk10,10,330.6
trk11,11,322.1
trk12,12,320.2
trk13,13,316.3
trk14,14,308.2
trk15,15,301.6
trk16,16,299.9
trk17,17,297.6
trk18,18,293.7
trk19,19,292.6
trk20,20,292
trk21,21,290.5
trk22,22,281.5
trk23,23,279
trk24,24,278.9
trk25,25,277.5
trk26,26,268.1
trk27,27,266.3
trk28,28,265.7
trk29,29,262.8
trk30,30,256
trk31,31,249.8
trk32,32,237.5
trk33,33,234.6
trk34,34,233.5
trk35,35,231.6
trk36,36,230
trk37,37,226.4
trk38,38,224.1
trk39,39,221.1
trk40,40,214.5
trk41,41,212.8
trk42,42,211.2
trk43,43,209.6
trk44,44,207
trk45,45,206.2
trk46,46,205.7
trk47,47,205.1
trk48,48,204.4
trk49,49,203.6
trk50,50,203.5
trk51,51,202.1
trk52,52,200.3
trk53,53,198
trk54,54,195.1
trk55,55,194.3
trk56,56,194
trk57,57,192.3
trk58,58,190
trk59,59,190
trk60,60,189.1
trk61,61,187.9
trk62,62,186.5
trk63,63,186.1
trk64,64,184.8
trk65,65,181.4
trk66,66,180.1
trk67,67,179.6
trk68,68,177.7
trk69,69,177.6
trk70,70,176.2
trk71,71,175
trk72,72,174.8
trk73,73,174.3
trk74,74,173.6
trk75,75,170.3
trk76,76,170.2
trk77,77,168.9
trk78,78,168.1
trk79,79,167.8
trk80,80,167.8
trk81,81,167.5
trk82,82,167.3
trk83,83,167.2
trk84,84,166.5
trk85,85,166.2
trk86,86,164.9
trk87,87,164.8
trk88,88,163.2
trk89,89,163.1
trk90,90,162
trk91,91,161.8
trk92,92,161.7
trk93,93,161
trk94,94,158.2
trk95,95,155.9
trk96,96,153.6
trk97,97,153.3
trk98,98,153.1
trk99,99,152.8
trk100,100,152.5
trk101,101,152.3
trk102,102,152.1
trk103,103,150.7
trk104,104,150.5
trk105,105,150.4
trk106,106,148.9
trk107,107,148.1
trk108,108,147.4
trk109,109,146.6
trk110,110,145.3
trk111,111,144.6
trk112,112,144.5
trk113,113,144
trk114,114,144
trk115,116,143.9
trk116,115,143.9
trk117,117,142.8
trk118,118,142.4
trk119,119,142.2
trk120,120,141
trk121,121,139.5
trk122,122,139
trk123,123,138.6
trk124,124,137.8
trk125,125,137.7
trk126,126,136.4
trk127,127,136.2
trk128,128,136.2
trk129,129,134
trk130,130,133
trk131,131,132.3
trk132,132,130.7
trk133,133,129.7
trk134,134,129.6
trk135,135,129.5
trk136,136,129.4
trk137,137,129.1
trk138,138,128.9
trk139,139,128.5
trk140,140,128
trk141,141,127.8
trk142,142,127.4
trk143,143,127.3
trk144,144,126.9
trk145,145,126.6
trk146,146,126.2
trk147,147,125.4
trk148,148,125.2
trk149,149,124.6
trk150,150,123.9
trk151,151,123.8
trk152,152,123.4
trk153,153,122.8
trk154,154,122.7
trk155,155,122.5
trk156,156,122.4
trk157,157,121.9
trk158,158,121.2
trk159,159,120.8
trk160,160,120.7
trk161,161,120.1
trk162,162,119.5
trk163,163,117.8
trk164,164,117.7
trk165,165,117.6
trk166,166,116.9
trk167,167,116.7
trk168,168,116.6
trk169,169,116.5
trk170,170,116
trk171,171,115.9
trk172,172,115.6
trk173,173,114.6
trk174,174,114.3
trk175,175,114.2
trk176,176,113.2
trk177,177,112.8
trk178,178,112.6
trk179,179,112.5
trk180,180,112
trk181,182,111.8
trk182,181,111.8
trk183,183,111.4
trk184,184,111.3
trk185,185,111.1
trk186,186,110.9
trk187,187,110.8
trk188,188,110.7
trk189,189,110.2
trk190,190,110.1
trk191,191,109.8
trk192,192,109.7
trk193,193,109.5
trk194,194,109.3
trk195,195,109.1
trk196,196,109
trk197,197,108.4
trk198,198,107.8
trk199,199,107.5
trk200,200,107.4
trk201,201,107.3
trk202,202,107.1
trk203,204,106.9
trk204,203,106.9
trk205,205,106.4
trk206,206,106.2
trk207,208,105.8
trk208,207,105.8
trk209,210,105.5
trk210,209,105.5
trk211,212,105.2
trk212,211,105.2
trk213,213,104.9
trk214,214,104.5
trk215,215,104.5
trk216,216,104.5
trk217,217,104.4
trk218,218,104.4
trk219,219,104.2
trk220,220,103.9
trk221,221,103.9
trk222,222,103.4
trk223,223,103.3
trk224,224,103.1
trk225,225,103.1
trk226,226,102.9
trk227,227,102.4
trk228,229,102.3
trk229,228,102.3
trk230,230,101.8
trk231,231,101.8
trk232,232,101.5
trk233,236,101.4
trk234,234,101.4
trk235,235,101.4
trk236,233,101.4
trk237,237,101.3
trk238,238,100.8
trk239,239,100.3
trk240,240,100.2
trk241,241,100.1
trk242,242,99.8
trk243,243,99.7
trk244,244,98.8
trk245,245,98.5
trk246,246,98.4
trk247,247,98.1
trk248,248,98
trk249,249,98
trk250,250,97.6
trk251,251,97.6
trk252,252,97.5
trk253,253,97.3
trk254,254,97.1
trk255,255,97
trk256,256,96.9
trk257,257,96.4
trk258,258,96.4
trk259,261,96.2
trk260,260,96.2
trk261,259,96.2
trk262,262,96.1
trk263,265,95.7
trk264,264,95.7
trk265,263,95.7
trk266,266,95.6
trk267,267,95
trk268,268,94.8
trk269,269,94.5
trk270,270,94.3
trk271,271,94.2
trk272,272,94.1
trk273,273,94
trk274,274,93.9
trk275,275,93.1
trk276,276,93.1
trk277,277,93
trk278,278,92.9
trk279,279,92.3
trk280,280,92
trk281,281,91.9
trk282,282,91.7
trk283,284,91.5
trk284,283,91.5
trk285,285,91.4
trk286,286,91.2
trk287,287,91.1
trk288,288,90.7
trk289,289,90.5
trk290,290,90.5
trk291,292,90.1
trk292,291,90.1
trk293,293,89.6
trk294,294,89.4
trk295,295,88.6
trk296,296,88.6
trk297,297,88.6
trk298,298,88.4
trk299,299,87.9
trk300,301,87.7
trk301,300,87.7
trk302,302,87.5
trk303,304,87.2
trk304,303,87.2
trk305,305,87.1
trk306,306,87
trk307,307,86.8
trk308,308,86.8
trk309,309,86.7
trk310,310,86.6
trk311,355,86.6
trk312,311,86.5
trk313,312,86.5
trk314,313,86.3
trk315,315,86.1
trk316,314,86.1
trk317,316,85.9
trk318,318,85.8
trk319,317,85.8
trk320,319,85.6
trk321,320,85.5
trk322,321,85.5
trk323,322,85.3
trk324,324,85.2
trk325,323,85.2
trk326,325,84.8
trk327,326,84.7
trk328,327,84.6
trk329,329,84.6
trk330,328,84.6
trk331,330,84.4
trk332,331,84.3
trk333,332,84.1
trk334,333,84
trk335,334,83.8
trk336,335,83.7
trk337,336,83.3
trk338,338,83.1
trk339,337,83.1
trk340,339,83
trk341,340,83
trk342,341,82.7
trk343,342,82.6
trk344,344,82.5
trk345,345,82.5
trk346,343,82.5
trk347,346,82.4
trk348,347,82.2
trk349,349,82.1
trk350,348,82.1
trk351,350,82
trk352,351,81.8
trk353,352,81.6
trk354,353,81.5
trk355,354,81.3
trk356,355,81.3
trk357,356,81.1
trk358,357,81
trk359,358,80.8
trk360,359,80.8
trk361,360,80.5
trk362,361,80.4
trk363,362,80.3
trk364,363,80.2
trk365,365,80.1
trk366,364,80.1
trk367,366,80.1
trk368,367,80
trk369,368,80
trk370,370,79.9
trk371,369,79.9
trk372,371,79.9
trk373,372,79.9
trk374,373,79.8
trk375,376,79.5
trk376,374,79.5
trk377,375,79.5
trk378,377,79.4
trk379,379,79.3
trk380,378,79.3
trk381,380,78.6
trk382,381,78.3
trk383,382,78.2
trk384,383,77.9
trk385,385,77.8
trk386,384,77.8
trk387,387,77.6
trk388,386,77.6
trk389,388,77.5
trk390,389,77.4
trk391,390,77.3
trk392,391,77.2
trk393,392,77
trk394,393,76.9
trk395,394,76.9
trk396,395,76.8
trk397,396,76.6
trk398,397,76.6
trk399,398,76.6
trk400,399,76.6
trk401,454,76.5
trk402,400,76.3
trk403,402,76.2
trk404,404,76.2
trk405,403,76.2
trk406,401,76.2
trk407,405,76
trk408,406,75.9
trk409,407,75.7
trk410,408,75.6
trk411,409,75.6
trk412,410,75.5
trk413,413,75.4
trk414,412,75.4
trk415,411,75.4
trk416,415,75.3
trk417,416,75.3
trk418,414,75.3
trk419,418,75.2
trk420,417,75.2
trk421,419,75.1
trk422,420,75.1
trk423,421,75.1
trk424,422,74.9
trk425,423,74.9
trk426,424,74.8
trk427,425,74.7
trk428,426,74.5
trk429,427,74.5
trk430,429,74.4
trk431,430,74.4
trk432,428,74.4
trk433,431,74.2
trk434,433,74.1
trk435,432,74.1
trk436,434,74
trk437,435,73.9
trk438,436,73.7
trk439,437,73.6
trk440,438,73.6
trk441,439,73.5
trk442,441,73.4
trk443,440,73.4
trk444,442,73.2
trk445,443,73.2
trk446,444,73.2
trk447,445,73.1
trk448,446,73
trk449,447,73
trk450,448,73
trk451,449,72.9
trk452,450,72.8
trk453,451,72.8
trk454,452,72.7
trk455,453,72.7
trk456,454,72.6
trk457,455,72.4
trk458,456,72.2
trk459,458,72
trk460,457,72
trk461,460,71.9
trk462,459,71.9
trk463,461,71.7
trk464,462,71.5
trk465,463,71.5
trk466,464,71.4
trk467,466,71.4
trk468,465,71.4
trk469,467,71.3
trk470,469,71.2
trk471,468,71.2
trk472,470,71.1
trk473,471,71
trk474,474,70.6
trk475,473,70.6
trk476,472,70.6
trk477,475,70.5
trk478,478,70.4
trk479,477,70.4
trk480,476,70.4
trk481,482,70.3
trk482,479,70.2
trk483,480,70.2
trk484,481,70.2
trk485,483,70.1
trk486,484,70.1
trk487,485,70.1
trk488,482,70.1
trk489,486,70
trk490,487,69.8
trk491,488,69.7
trk492,490,69.6
trk493,489,69.6
trk494,491,69.5
trk495,492,69.4
trk496,493,69.4
trk497,494,69.3
trk498,495,69.2
trk499,496,69.2
trk500,497,69
trk501,498,68.9
trk502,499,68.9
trk503,500,68.9
trk504,501,68.8
trk505,503,68.7
trk506,505,68.7
trk507,506,68.7
trk508,504,68.7
trk509,502,68.7
trk510,508,68.5
trk511,507,68.5
trk512,509,68.2
trk513,510,68.2
trk514,513,68.1
trk515,511,68.1
trk516,512,68.1
trk517,514,68
trk518,516,68
trk519,515,68
trk520,518,67.9
trk521,517,67.9
trk522,519,67.8
trk523,520,67.6
trk524,521,67.5
trk525,522,67.4
trk526,523,67.3
trk527,524,67
trk528,527,66.9
trk529,526,66.9
trk530,525,66.9
trk531,528,66.8
trk532,529,66.8
trk533,530,66.8
trk534,531,66.7
trk535,532,66.6
trk536,533,66.5
trk537,534,66.4
trk538,535,66.4
trk539,536,66.3
trk540,537,66.3
trk541,539,66.2
trk542,540,66.2
trk543,538,66.2
trk544,541,66.1
trk545,543,65.9
trk546,542,65.9
trk547,545,65.7
trk548,544,65.7
trk549,546,65.6
trk550,547,65.6
trk551,548,65.5
trk552,550,65.5
trk553,549,65.5
trk554,559,65.4
trk555,552,65.3
trk556,551,65.3
trk557,553,65
trk558,626,64.9
trk559,554,64.9
trk560,555,64.7
trk561,556,64.6
trk562,557,64.5
trk563,558,64.4
trk564,560,64.3
trk565,559,64.3
trk566,562,64.2
trk567,563,64.2
trk568,561,64.2
trk569,564,64.1
trk570,565,64
trk571,566,63.9
trk572,568,63.8
trk573,570,63.8
trk574,567,63.8
trk575,569,63.8
trk576,571,63.7
trk577,572,63.7
trk578,573,63.6
trk579,574,63.5
trk580,575,63.4
trk581,576,63.4
trk582,577,63.3
trk583,578,63.3
trk584,580,63.2
trk585,579,63.2
trk586,582,63.1
trk587,583,63.1
trk588,581,63.1
trk589,584,62.9
trk590,585,62.8
trk591,586,62.8
trk592,588,62.6
trk593,589,62.6
trk594,587,62.6
trk595,590,62.5
trk596,591,62.4
trk597,592,62.4
trk598,593,62.3
trk599,594,62.2
trk600,595,62.1
trk601,596,62
trk602,597,61.9
trk603,598,61.9
trk604,599,61.8
trk605,600,61.7
trk606,601,61.7
trk607,602,61.6
trk608,603,61.6
trk609,604,61.6
trk610,606,61.5
trk611,605,61.5
trk612,609,61.4
trk613,608,61.4
trk614,607,61.4
trk615,614,61.3
trk616,613,61.3
trk617,611,61.3
trk618,610,61.3
trk619,612,61.3
trk620,618,61.2
trk621,616,61.2
trk622,617,61.2
trk623,615,61.2
trk624,620,61.1
trk625,619,61.1
trk626,621,61
trk627,622,61
trk628,623,61
trk629,624,61
trk630,625,60.9
trk631,626,60.9
trk632,627,60.8
trk633,630,60.6
trk634,628,60.6
trk635,629,60.6
trk636,632,60.5
trk637,631,60.5
trk638,635,60.4
trk639,637,60.4
trk640,633,60.4
trk641,634,60.4
trk642,636,60.4
trk643,638,60
trk644,639,59.9
trk645,640,59.8
trk646,642,59.7
trk647,641,59.7
trk648,643,59.7
trk649,644,59.6
trk650,647,59.6
trk651,648,59.6
trk652,646,59.6
trk653,645,59.6
trk654,650,59.5
trk655,649,59.5
trk656,651,59.5
trk657,652,59.4
trk658,653,59.4
trk659,655,59.3
trk660,656,59.3
trk661,657,59.3
trk662,654,59.3
trk663,659,59.2
trk664,658,59.2
trk665,663,59.1
trk666,665,59.1
trk667,662,59.1
trk668,661,59.1
trk669,664,59.1
trk670,660,59.1
trk671,669,58.9
trk672,670,58.9
trk673,668,58.9
trk674,666,58.9
trk675,667,58.9
trk676,673,58.8
trk677,672,58.8
trk678,674,58.8
trk679,671,58.8
trk680,675,58.8
trk681,677,58.7
trk682,678,58.7
trk683,676,58.7
trk684,679,58.6
trk685,680,58.6
trk686,681,58.6
trk687,682,58.5
trk688,683,58.4
trk689,687,58.3
trk690,685,58.3
trk691,686,58.3
trk692,684,58.3
trk693,690,58.2
trk694,688,58.2
trk695,689,58.2
trk696,691,58.1
trk697,693,58
trk698,692,58
trk699,697,57.9
trk700,694,57.9
trk701,696,57.9
trk702,695,57.9
trk703,701,57.8
trk704,698,57.8
trk705,700,57.8
trk706,702,57.8
trk707,699,57.8
trk708,703,57.7
trk709,705,57.7
trk710,704,57.7
trk711,708,57.6
trk712,709,57.6
trk713,707,57.6
trk714,706,57.6
trk715,711,57.5
trk716,712,57.5
trk717,710,57.5
trk718,714,57.4
trk719,713,57.4
trk720,715,57.3
trk721,717,57.2
trk722,716,57.2
trk723,720,57.1
trk724,718,57.1
trk725,719,57.1
trk726,722,57
trk727,721,57
trk728,726,56.9
trk729,723,56.9
trk730,725,56.9
trk731,724,56.9
trk732,727,56.8
trk733,728,56.8
trk734,729,56.8
trk735,730,56.7
trk736,731,56.6
trk737,733,56.6
trk738,734,56.6
trk739,732,56.6
trk740,736,56.5
trk741,735,56.5
trk742,737,56.4
trk743,739,56.4
trk744,738,56.4
trk745,740,56.4
trk746,741,56.3
trk747,742,56.3
trk748,744,56.2
trk749,743,56.2
trk750,746,56.2
trk751,747,56.2
trk752,745,56.2
trk753,749,56.1
trk754,751,56.1
trk755,748,56.1
trk756,750,56.1
trk757,752,56
trk758,754,55.9
trk759,755,55.9
trk760,756,55.9
trk761,753,55.9
trk762,757,55.8
trk763,759,55.7
trk764,758,55.7
trk765,761,55.6
trk766,760,55.6
trk767,762,55.4
trk768,763,55.4
trk769,767,55.4
trk770,765,55.4
trk771,766,55.4
trk772,764,55.4
trk773,768,55.3
trk774,770,55.3
trk775,769,55.3
trk776,771,55.2
trk777,772,55.1
trk778,774,55.1
trk779,773,55.1
trk780,775,55
trk781,776,55
trk782,778,54.9
trk783,779,54.9
trk784,777,54.9
trk785,780,54.8
trk786,781,54.8
trk787,790,54.7
trk788,785,54.7
trk789,782,54.7
trk790,783,54.7
trk791,788,54.7
trk792,787,54.7
trk793,784,54.7
trk794,789,54.7
trk795,786,54.7
trk796,791,54.6
trk797,792,54.6
trk798,794,54.5
trk799,793,54.5
trk800,796,54.3
trk801,795,54.3
trk802,798,54.3
trk803,797,54.3
trk804,801,54.2
trk805,800,54.2
trk806,802,54.2
trk807,799,54.2
trk808,804,54.1
trk809,803,54.1
trk810,807,54
trk811,808,54
trk812,805,54
trk813,806,54
trk814,810,53.9
trk815,811,53.9
trk816,809,53.9
trk817,813,53.8
trk818,812,53.8
trk819,815,53.7
trk820,814,53.7
trk821,820,53.6
trk822,821,53.6
trk823,819,53.6
trk824,816,53.6
trk825,817,53.6
trk826,818,53.6
trk827,822,53.5
trk828,824,53.4
trk829,823,53.4
trk830,828,53.3
trk831,825,53.3
trk832,829,53.3
trk833,827,53.3
trk834,830,53.3
trk835,826,53.3
trk836,832,53.2
trk837,831,53.2
trk838,838,53.1
trk839,837,53.1
trk840,836,53.1
trk841,834,53.1
trk842,835,53.1
trk843,833,53.1
trk844,840,53
trk845,839,53
trk846,841,52.9
trk847,844,52.9
trk848,843,52.9
trk849,842,52.9
trk850,848,52.8
trk851,849,52.8
trk852,847,52.8
trk853,845,52.8
trk854,846,52.8
trk855,856,52.6
trk856,855,52.6
trk857,850,52.6
trk858,851,52.6
trk859,852,52.6
trk860,853,52.6
trk861,854,52.6
trk862,857,52.5
trk863,859,52.4
trk864,860,52.4
trk865,858,52.4
trk866,861,52.4
trk867,862,52.3
trk868,865,52.2
trk869,864,52.2
trk870,863,52.2
trk871,868,52.1
trk872,867,52.1
trk873,866,52.1
trk874,869,51.8
trk875,870,51.8
trk876,873,51.7
trk877,872,51.7
trk878,871,51.7
trk879,875,51.6
trk880,874,51.6
trk881,876,51.6
trk882,877,51.5
trk883,878,51.5
trk884,881,51.4
trk885,880,51.4
trk886,882,51.4
trk887,879,51.4
trk888,884,51.4
trk889,883,51.4
trk890,885,51.3
trk891,888,51.2
trk892,887,51.2
trk893,886,51.2
trk894,889,51.2
trk895,891,51.2
trk896,890,51.2
trk897,892,51.1
trk898,893,51
trk899,895,51
trk900,894,51
trk901,896,51
trk902,900,50.9
trk903,898,50.9
trk904,899,50.9
trk905,897,50.9
trk906,901,50.9
trk907,903,50.8
trk908,902,50.8
trk909,906,50.7
trk910,904,50.7
trk911,905,50.7
trk912,909,50.6
trk913,907,50.6
trk914,910,50.6
trk915,911,50.6
trk916,908,50.6
trk917,913,50.5
trk918,916,50.5
trk919,915,50.5
trk920,912,50.5
trk921,918,50.5
trk922,917,50.5
trk923,919,50.5
trk924,914,50.5
trk925,922,50.4
trk926,921,50.4
trk927,920,50.4
trk928,923,50.2
trk929,924,50.1
trk930,925,50.1
trk931,927,50.1
trk932,926,50.1
trk933,929,50
trk934,930,50
trk935,928,50
trk936,933,49.9
trk937,932,49.9
trk938,931,49.9
trk939,935,49.8
trk940,934,49.8
trk941,937,49.8
trk942,938,49.8
trk943,936,49.8
trk944,939,49.7
trk945,941,49.6
trk946,940,49.6
trk947,942,49.6
trk948,945,49.5
trk949,943,49.5
trk950,944,49.5
trk951,946,49.4
trk952,948,49.4
trk953,947,49.4
trk954,949,49.3
trk955,952,49.3
trk956,950,49.3
trk957,955,49.3
trk958,954,49.3
trk959,951,49.3
trk960,953,49.3
trk961,958,49.2
trk962,963,49.2
trk963,964,49.2
trk964,957,49.2
trk965,959,49.2
trk966,956,49.2
trk967,962,49.2
trk968,960,49.2
trk969,965,49.2
trk970,966,49.2
trk971,961,49.2
trk972,967,49.1
trk973,968,49.1
trk974,970,49
trk975,972,49
trk976,973,49
trk977,969,49
trk978,971,49
trk979,978,48.9
trk980,974,48.9
trk981,975,48.9
trk982,976,48.9
trk983,977,48.9
trk984,979,48.8
trk985,980,48.8
trk986,981,48.8
trk987,982,48.7
trk988,983,48.7
trk989,984,48.7
trk990,986,48.6
trk991,985,48.6
trk992,987,48.4
trk993,988,48.4
trk994,989,48.4
trk995,991,48.3
trk996,990,48.3
trk997,993,48.2
trk998,1103,48.2
trk999,992,48.2
trk1000,994,48.2
trk1001,995,48.1
trk1002,996,48.1
trk1003,997,48.1
trk1004,998,48.1
trk1005,999,48
trk1006,1005,47.9
trk1007,1001,47.9
trk1008,1002,47.9
trk1009,1006,47.9
trk1010,1004,47.9
trk1011,1000,47.9
trk1012,1003,47.9
trk1013,1007,47.9
trk1014,1008,47.8
trk1015,1009,47.8
trk1016,1012,47.7
trk1017,1016,47.7
trk1018,1015,47.7
trk1019,1010,47.7
trk1020,1011,47.7
trk1021,1014,47.7
trk1022,1013,47.7
trk1023,1017,47.6
trk1024,1019,47.6
trk1025,1018,47.6
trk1026,1022,47.5
trk1027,1024,47.5
trk1028,1020,47.5
trk1029,1021,47.5
trk1030,1023,47.5
trk1031,1031,47.4
trk1032,1027,47.4
trk1033,1025,47.4
trk1034,1030,47.4
trk1035,1029,47.4
trk1036,1032,47.4
trk1037,1026,47.4
trk1038,1028,47.4
trk1039,1034,47.2
trk1040,1033,47.2
trk1041,1035,47.2
trk1042,1036,47.1
trk1043,1038,47.1
trk1044,1037,47.1
trk1045,1039,47.1
trk1046,1043,47
trk1047,1042,47
trk1048,1041,47
trk1049,1040,47
trk1050,1047,46.9
trk1051,1046,46.9
trk1052,1045,46.9
trk1053,1048,46.9
trk1054,1044,46.9
trk1055,1057,46.8
trk1056,1054,46.8
trk1057,1055,46.8
trk1058,1052,46.8
trk1059,1056,46.8
trk1060,1050,46.8
trk1061,1053,46.8
trk1062,1051,46.8
trk1063,1049,46.8
trk1064,1059,46.7
trk1065,1058,46.7
trk1066,1061,46.6
trk1067,1060,46.6
trk1068,1063,46.5
trk1069,1064,46.5
trk1070,1062,46.5
trk1071,1068,46.4
trk1072,1070,46.4
trk1073,1069,46.4
trk1074,1066,46.4
trk1075,1067,46.4
trk1076,1065,46.4
trk1077,1071,46.3
trk1078,1074,46.2
trk1079,1072,46.2
trk1080,1073,46.2
trk1081,1075,46.1
trk1082,1076,46.1
trk1083,1079,46
trk1084,1078,46
trk1085,1080,46
trk1086,1084,46
trk1087,1083,46
trk1088,1082,46
trk1089,1077,46
trk1090,1081,46
trk1091,1085,45.9
trk1092,1090,45.9
trk1093,1089,45.9
trk1094,1087,45.9
trk1095,1091,45.9
trk1096,1086,45.9
trk1097,1092,45.9
trk1098,1088,45.9
trk1099,1095,45.8
trk1100,1094,45.8
trk1101,1096,45.8
trk1102,1093,45.8
trk1103,1098,45.7
trk1104,1099,45.7
trk1105,1097,45.7
trk1106,1101,45.6
trk1107,1102,45.6
trk1108,1100,45.6
trk1109,1103,45.5
trk1110,1104,45.4
trk1111,1105,45.3
trk1112,1106,45.2
trk1113,1111,45.2
trk1114,1156,45.2
trk1115,1107,45.2
trk1116,1110,45.2
trk1117,1108,45.2
trk1118,1109,45.2
trk1119,1115,45.1
trk1120,1113,45.1
trk1121,1112,45.1
trk1122,1114,45.1
trk1123,1117,45
trk1124,1116,45
trk1125,1120,44.9
trk1126,1121,44.9
trk1127,1118,44.9
trk1128,1119,44.9
trk1129,1124,44.8
trk1130,1122,44.8
trk1131,1126,44.8
trk1132,1129,44.8
trk1133,1127,44.8
trk1134,1123,44.8
trk1135,1125,44.8
trk1136,1128,44.8
trk1137,1134,44.7
trk1138,1131,44.7
trk1139,1132,44.7
trk1140,1133,44.7
trk1141,1135,44.7
trk1142,1130,44.7
trk1143,1139,44.6
trk1144,1136,44.6
trk1145,1137,44.6
trk1146,1138,44.6
trk1147,1142,44.5
trk1148,1141,44.5
trk1149,1143,44.5
trk1150,1140,44.5
trk1151,1144,44.4
trk1152,1145,44.4
trk1153,1146,44.4
trk1154,1149,44.3
trk1155,1147,44.3
trk1156,1148,44.3
trk1157,1153,44.2
trk1158,1150,44.2
trk1159,1152,44.2
trk1160,1154,44.2
trk1161,1151,44.2
trk1162,1155,44.1
trk1163,1159,44.1
trk1164,1156,44.1
trk1165,1158,44.1
trk1166,1160,44.1
trk1167,1157,44.1
trk1168,1161,44
trk1169,1165,44
trk1170,1162,44
trk1171,1166,44
trk1172,1164,44
trk1173,1163,44
trk1174,1168,43.9
trk1175,1171,43.9
trk1176,1167,43.9
trk1177,1169,43.9
trk1178,1170,43.9
trk1179,1176,43.8
trk1180,1173,43.8
trk1181,1174,43.8
trk1182,1177,43.8
trk1183,1175,43.8
trk1184,1172,43.8
trk1185,1180,43.7
trk1186,1182,43.7
trk1187,1181,43.7
trk1188,1178,43.7
trk1189,1179,43.7
trk1190,1186,43.6
trk1191,1187,43.6
trk1192,1184,43.6
trk1193,1183,43.6
trk1194,1185,43.6
trk1195,1188,43.5
trk1196,1194,43.4
trk1197,1191,43.4
trk1198,1192,43.4
trk1199,1190,43.4
trk1200,1193,43.4
trk1201,1195,43.4
trk1202,1189,43.4
trk1203,1198,43.3
trk1204,1197,43.3
trk1205,1196,43.3
trk1206,1199,43.3
trk1207,1200,43.3
trk1208,1201,43.2
trk1209,1203,43.2
trk1210,1204,43.2
trk1211,1202,43.2
trk1212,1208,43.1
trk1213,1205,43.1
trk1214,1206,43.1
trk1215,1207,43.1
trk1216,1210,43
trk1217,1212,43
trk1218,1211,43
trk1219,1209,43
trk1220,1215,42.9
trk1221,1218,42.9
trk1222,1217,42.9
trk1223,1216,42.9
trk1224,1214,42.9
trk1225,1213,42.9
trk1226,1219,42.9
trk1227,1222,42.8
trk1228,1220,42.8
trk1229,1224,42.8
trk1230,1221,42.8
trk1231,1223,42.8
trk1232,1230,42.7
trk1233,1234,42.7
trk1234,1225,42.7
trk1235,1232,42.7
trk1236,1231,42.7
trk1237,1226,42.7
trk1238,1227,42.7
trk1239,1233,42.7
trk1240,1228,42.7
trk1241,1229,42.7
trk1242,1235,42.6
trk1243,1236,42.6
trk1244,1240,42.6
trk1245,1238,42.6
trk1246,1237,42.6
trk1247,1239,42.6
trk1248,1243,42.5
trk1249,1242,42.5
trk1250,1241,42.5
trk1251,1247,42.4
trk1252,1244,42.4
trk1253,1248,42.4
trk1254,1246,42.4
trk1255,1249,42.4
trk1256,1245,42.4
trk1257,1250,42.4
trk1258,1254,42.3
trk1259,1251,42.3
trk1260,1255,42.3
trk1261,1253,42.3
trk1262,1252,42.3
trk1263,1257,42.2
trk1264,1258,42.2
trk1265,1260,42.2
trk1266,1261,42.2
trk1267,1259,42.2
trk1268,1262,42.2
trk1269,1256,42.2
trk1270,1265,42.1
trk1271,1264,42.1
trk1272,1263,42.1
trk1273,1272,42
trk1274,1268,42
trk1275,1271,42
trk1276,1266,42
trk1277,1267,42
trk1278,1269,42
trk1279,1270,42
trk1280,1275,41.9
trk1281,1273,41.9
trk1282,1274,41.9
trk1283,1276,41.8
trk1284,1277,41.8
trk1285,1278,41.7
trk1286,1279,41.7
trk1287,1280,41.7
trk1288,1283,41.6
trk1289,1284,41.6
trk1290,1281,41.6
trk1291,1282,41.6
trk1292,1289,41.5
trk1293,1287,41.5
trk1294,1285,41.5
trk1295,1286,41.5
trk1296,1288,41.5
trk1297,1291,41.4
trk1298,1293,41.4
trk1299,1292,41.4
trk1300,1294,41.4
trk1301,1295,41.4
trk1302,1290,41.4
trk1303,1296,41.3
trk1304,1299,41.3
trk1305,1297,41.3
trk1306,1298,41.3
trk1307,1300,41.2
trk1308,1306,41.2
trk1309,1303,41.2
trk1310,1301,41.2
trk1311,1304,41.2
trk1312,1305,41.2
trk1313,1302,41.2
trk1314,1314,41.1
trk1315,1309,41.1
trk1316,1308,41.1
trk1317,1312,41.1
trk1318,1311,41.1
trk1319,1307,41.1
trk1320,1313,41.1
trk1321,1310,41.1
trk1322,1319,41
trk1323,1320,41
trk1324,1318,41
trk1325,1315,41
trk1326,1317,41
trk1327,1316,41
trk1328,1322,40.9
trk1329,1321,40.9
trk1330,1324,40.8
trk1331,1327,40.8
trk1332,1329,40.8
trk1333,1325,40.8
trk1334,1326,40.8
trk1335,1323,40.8
trk1336,1328,40.8
trk1337,1335,40.7
trk1338,1338,40.7
trk1339,1332,40.7
trk1340,1330,40.7
trk1341,1334,40.7
trk1342,1336,40.7
trk1343,1331,40.7
trk1344,1337,40.7
trk1345,1333,40.7
trk1346,1343,40.6
trk1347,1342,40.6
trk1348,1339,40.6
trk1349,1344,40.6
trk1350,1341,40.6
trk1351,1340,40.6
trk1352,1346,40.5
trk1353,1345,40.5
trk1354,1347,40.5
trk1355,1348,40.5
trk1356,1349,40.4
trk1357,1351,40.3
trk1358,1357,40.3
trk1359,1353,40.3
trk1360,1352,40.3
trk1361,1354,40.3
trk1362,1356,40.3
trk1363,1355,40.3
trk1364,1350,40.3
trk1365,1359,40.2
trk1366,1362,40.2
trk1367,1363,40.2
trk1368,1360,40.2
trk1369,1361,40.2
trk1370,1358,40.2
trk1371,1366,40.1
trk1372,1371,40.1
trk1373,1364,40.1
trk1374,1368,40.1
trk1375,1369,40.1
trk1376,1370,40.1
trk1377,1367,40.1
trk1378,1365,40.1
trk1379,1373,40
trk1380,1374,40
trk1381,1372,40
trk1382,1376,39.9
trk1383,1375,39.9
trk1384,1377,39.9
trk1385,1386,39.8
trk1386,1387,39.8
trk1387,1388,39.8
trk1388,1381,39.8
trk1389,1383,39.8
trk1390,1384,39.8
trk1391,1379,39.8
trk1392,1380,39.8
trk1393,1382,39.8
trk1394,1385,39.8
trk1395,1378,39.8
trk1396,1395,39.7
trk1397,1393,39.7
trk1398,1396,39.7
trk1399,1392,39.7
trk1400,1394,39.7
trk1401,1397,39.7
trk1402,1390,39.7
trk1403,1389,39.7
trk1404,1391,39.7
trk1405,1401,39.6
trk1406,1399,39.6
trk1407,1398,39.6
trk1408,1400,39.6
trk1409,1404,39.5
trk1410,1406,39.5
trk1411,1402,39.5
trk1412,1403,39.5
trk1413,1405,39.5
trk1414,1407,39.5
trk1415,1409,39.4
trk1416,1408,39.4
trk1417,1411,39.4
trk1418,1410,39.4
trk1419,1412,39.4
trk1420,1415,39.3
trk1421,1414,39.3
trk1422,1413,39.3
trk1423,1418,39.2
trk1424,1417,39.2
trk1425,1419,39.2
trk1426,1416,39.2
trk1427,1422,39.1
trk1428,1421,39.1
trk1429,1420,39.1
trk1430,1423,39.1
trk1431,1427,39
trk1432,1424,39
trk1433,1426,39
trk1434,1425,39
trk1435,1428,38.9
trk1436,1432,38.9
trk1437,1435,38.9
trk1438,1434,38.9
trk1439,1429,38.9
trk1440,1431,38.9
trk1441,1433,38.9
trk1442,1430,38.9
trk1443,1439,38.8
trk1444,1436,38.8
trk1445,1437,38.8
trk1446,1440,38.8
trk1447,1441,38.8
trk1448,1438,38.8
trk1449,1444,38.7
trk1450,1443,38.7
trk1451,1442,38.7
trk1452,1448,38.6
trk1453,1446,38.6
trk1454,1447,38.6
trk1455,1449,38.6
trk1456,1450,38.6
trk1457,1445,38.6
trk1458,1453,38.5
trk1459,1451,38.5
trk1460,1454,38.5
trk1461,1452,38.5
trk1462,1458,38.4
trk1463,1456,38.4
trk1464,1460,38.4
trk1465,1457,38.4
trk1466,1459,38.4
trk1467,1455,38.4
trk1468,1461,38.4
trk1469,1462,38.3
trk1470,1466,38.3
trk1471,1465,38.3
trk1472,1463,38.3
trk1473,1464,38.3
trk1474,1467,38.2
trk1475,1473,38.2
trk1476,1470,38.2
trk1477,1475,38.2
trk1478,1474,38.2
trk1479,1468,38.2
trk1480,1469,38.2
trk1481,1471,38.2
trk1482,1472,38.2
trk1483,1478,38.1
trk1484,1480,38.1
trk1485,1477,38.1
trk1486,1481,38.1
trk1487,1479,38.1
trk1488,1483,38.1
trk1489,1476,38.1
trk1490,1482,38.1
trk1491,1486,38
trk1492,1485,38
trk1493,1491,38
trk1494,1487,38
trk1495,1490,38
trk1496,1489,38
trk1497,1484,38
trk1498,1488,38
trk1499,1496,37.9
trk1500,1495,37.9
trk1501,1493,37.9
trk1502,1498,37.9
trk1503,1492,37.9
trk1504,1502,37.9
trk1505,1499,37.9
trk1506,1501,37.9
trk1507,1494,37.9
trk1508,1500,37.9
trk1509,1497,37.9
trk1510,1503,37.8
trk1511,1513,37.8
trk1512,1505,37.8
trk1513,1508,37.8
trk1514,1510,37.8
trk1515,1506,37.8
trk1516,1511,37.8
trk1517,1504,37.8
trk1518,1507,37.8
trk1519,1512,37.8
trk1520,1514,37.8
trk1521,1515,37.8
trk1522,1509,37.8
trk1523,1520,37.7
trk1524,1516,37.7
trk1525,1519,37.7
trk1526,1522,37.7
trk1527,1521,37.7
trk1528,1518,37.7
trk1529,1517,37.7
trk1530,1527,37.6
trk1531,1525,37.6
trk1532,1530,37.6
trk1533,1529,37.6
trk1534,1523,37.6
trk1535,1526,37.6
trk1536,1528,37.6
trk1537,1524,37.6
trk1538,1533,37.5
trk1539,1724,37.5
trk1540,1532,37.5
trk1541,1538,37.5
trk1542,1531,37.5
trk1543,1535,37.5
trk1544,1534,37.5
trk1545,1536,37.5
trk1546,1537,37.5
trk1547,1543,37.4
trk1548,1539,37.4
trk1549,1546,37.4
trk1550,1544,37.4
trk1551,1545,37.4
trk1552,1540,37.4
trk1553,1541,37.4
trk1554,1542,37.4
trk1555,1549,37.3
trk1556,1550,37.3
trk1557,1551,37.3
trk1558,1548,37.3
trk1559,1547,37.3
trk1560,1555,37.2
trk1561,1556,37.2
trk1562,1553,37.2
trk1563,1552,37.2
trk1564,1554,37.2
trk1565,1557,37.2
trk1566,1559,37.1
trk1567,1561,37.1
trk1568,1564,37.1
trk1569,1560,37.1
trk1570,1562,37.1
trk1571,1558,37.1
trk1572,1563,37.1
trk1573,1572,37
trk1574,1566,37
trk1575,1567,37
trk1576,1570,37
trk1577,1574,37
trk1578,1565,37
trk1579,1569,37
trk1580,1571,37
trk1581,1573,37
trk1582,1568,37
trk1583,1581,36.9
trk1584,1580,36.9
trk1585,1575,36.9
trk1586,1577,36.9
trk1587,1576,36.9
trk1588,1579,36.9
trk1589,1578,36.9
trk1590,1585,36.8
trk1591,1582,36.8
trk1592,1583,36.8
trk1593,1586,36.8
trk1594,1584,36.8
trk1595,1587,36.8
trk1596,1598,36.7
trk1597,1599,36.7
trk1598,1593,36.7
trk1599,1588,36.7
trk1600,1591,36.7
trk1601,1597,36.7
trk1602,1595,36.7
trk1603,1590,36.7
trk1604,1594,36.7
trk1605,1592,36.7
trk1606,1589,36.7
trk1607,1596,36.7
trk1608,1604,36.6
trk1609,1600,36.6
trk1610,1603,36.6
trk1611,1606,36.6
trk1612,1607,36.6
trk1613,1601,36.6
trk1614,1605,36.6
trk1615,1608,36.6
trk1616,1602,36.6
trk1617,1609,36.6
trk1618,1615,36.5
trk1619,1617,36.5
trk1620,1613,36.5
trk1621,1618,36.5
trk1622,1616,36.5
trk1623,1614,36.5
trk1624,1610,36.5
trk1625,1611,36.5
trk1626,1612,36.5
trk1627,1621,36.4
trk1628,1622,36.4
trk1629,1624,36.4
trk1630,1623,36.4
trk1631,1625,36.4
trk1632,1620,36.4
trk1633,1619,36.4
trk1634,1627,36.3
trk1635,1629,36.3
trk1636,1630,36.3
trk1637,1628,36.3
trk1638,1807,36.3
trk1639,1626,36.3
trk1640,1634,36.2
trk1641,1633,36.2
trk1642,1636,36.2
trk1643,1635,36.2
trk1644,1631,36.2
trk1645,1632,36.2
trk1646,1643,36.1
trk1647,1637,36.1
trk1648,1640,36.1
trk1649,1638,36.1
trk1650,1644,36.1
trk1651,1641,36.1
trk1652,1642,36.1
trk1653,1639,36.1
trk1654,1647,36
trk1655,1650,36
trk1656,1646,36
trk1657,1645,36
trk1658,1649,36
trk1659,1651,36
trk1660,1653,36
trk1661,1652,36
trk1662,1648,36
trk1663,1661,35.9
trk1664,1656,35.9
trk1665,1658,35.9
trk1666,1654,35.9
trk1667,1655,35.9
trk1668,1657,35.9
trk1669,1659,35.9
trk1670,1660,35.9
trk1671,1665,35.8
trk1672,1666,35.8
trk1673,1663,35.8
trk1674,1664,35.8
trk1675,1662,35.8
trk1676,1671,35.7
trk1677,1667,35.7
trk1678,1668,35.7
trk1679,1670,35.7
trk1680,1672,35.7
trk1681,1674,35.7
trk1682,1669,35.7
trk1683,1675,35.7
trk1684,1676,35.7
trk1685,1673,35.7
trk1686,1688,35.6
trk1687,1683,35.6
trk1688,1682,35.6
trk1689,1678,35.6
trk1690,1687,35.6
trk1691,1685,35.6
trk1692,1679,35.6
trk1693,1681,35.6
trk1694,1680,35.6
trk1695,1684,35.6
trk1696,1686,35.6
trk1697,1677,35.6
trk1698,1691,35.5
trk1699,1694,35.5
trk1700,1689,35.5
trk1701,1690,35.5
trk1702,1697,35.5
trk1703,1692,35.5
trk1704,1696,35.5
trk1705,1693,35.5
trk1706,1695,35.5
trk1707,1698,35.5
trk1708,1702,35.4
trk1709,1707,35.4
trk1710,1699,35.4
trk1711,1705,35.4
trk1712,1700,35.4
trk1713,1701,35.4
trk1714,1703,35.4
trk1715,1706,35.4
trk1716,1704,35.4
trk1717,1719,35.3
trk1718,1716,35.3
trk1719,1718,35.3
trk1720,1712,35.3
trk1721,1717,35.3
trk1722,1710,35.3
trk1723,1714,35.3
trk1724,1709,35.3
trk1725,1713,35.3
trk1726,1711,35.3
trk1727,1715,35.3
trk1728,1708,35.3
trk1729,1723,35.2
trk1730,1720,35.2
trk1731,1721,35.2
trk1732,1724,35.2
trk1733,1722,35.2
trk1734,1731,35.1
trk1735,1729,35.1
trk1736,1726,35.1
trk1737,1728,35.1
trk1738,1730,35.1
trk1739,1725,35.1
trk1740,1727,35.1
trk1741,1739,35
trk1742,1736,35
trk1743,1740,35
trk1744,1741,35
trk1745,1734,35
trk1746,1733,35
trk1747,1738,35
trk1748,1735,35
trk1749,1732,35
trk1750,1737,35
trk1751,1747,34.9
trk1752,1743,34.9
trk1753,1750,34.9
trk1754,1746,34.9
trk1755,1745,34.9
trk1756,1749,34.9
trk1757,1748,34.9
trk1758,1742,34.9
trk1759,1744,34.9
trk1760,1751,34.8
trk1761,1758,34.8
trk1762,1756,34.8
trk1763,1759,34.8
trk1764,1752,34.8
trk1765,1760,34.8
trk1766,1753,34.8
trk1767,1755,34.8
trk1768,1757,34.8
trk1769,1754,34.8
trk1770,1766,34.7
trk1771,1763,34.7
trk1772,1762,34.7
trk1773,1764,34.7
trk1774,1765,34.7
trk1775,1761,34.7
trk1776,1770,34.6
trk1777,1776,34.6
trk1778,1768,34.6
trk1779,1771,34.6
trk1780,1769,34.6
trk1781,1774,34.6
trk1782,1775,34.6
trk1783,1773,34.6
trk1784,1767,34.6
trk1785,1772,34.6
trk1786,1777,34.6
trk1787,1778,34.5
trk1788,1785,34.5
trk1789,1782,34.5
trk1790,1780,34.5
trk1791,1779,34.5
trk1792,1781,34.5
trk1793,1784,34.5
trk1794,1783,34.5
trk1795,1789,34.4
trk1796,1794,34.4
trk1797,1791,34.4
trk1798,1787,34.4
trk1799,1792,34.4
trk1800,1788,34.4
trk1801,1793,34.4
trk1802,1790,34.4
trk1803,1786,34.4
trk1804,1800,34.3
trk1805,1801,34.3
trk1806,1796,34.3
trk1807,1803,34.3
trk1808,1802,34.3
trk1809,1797,34.3
trk1810,1798,34.3
trk1811,1795,34.3
trk1812,1799,34.3
trk1813,1810,34.2
trk1814,1812,34.2
trk1815,1811,34.2
trk1816,1805,34.2
trk1817,1808,34.2
trk1818,1809,34.2
trk1819,1807,34.2
trk1820,1814,34.2
trk1821,1813,34.2
trk1822,1804,34.2
trk1823,1806,34.2
trk1824,1821,34.1
trk1825,1818,34.1
trk1826,1816,34.1
trk1827,1817,34.1
trk1828,1823,34.1
trk1829,1819,34.1
trk1830,1822,34.1
trk1831,1815,34.1
trk1832,1820,34.1
trk1833,1827,34
trk1834,1826,34
trk1835,1829,34
trk1836,1830,34
trk1837,1834,34
trk1838,1828,34
trk1839,1831,34
trk1840,1825,34
trk1841,1824,34
trk1842,1833,34
trk1843,1832,34
trk1844,1839,33.9
trk1845,1835,33.9
trk1846,1837,33.9
trk1847,1838,33.9
trk1848,1841,33.9
trk1849,1836,33.9
trk1850,1840,33.9
trk1851,1842,33.9
trk1852,1849,33.8
trk1853,1848,33.8
trk1854,1847,33.8
trk1855,1845,33.8
trk1856,1846,33.8
trk1857,1850,33.8
trk1858,1844,33.8
trk1859,1843,33.8
trk1860,1851,33.8
trk1861,1858,33.7
trk1862,1863,33.7
trk1863,1856,33.7
trk1864,1859,33.7
trk1865,1864,33.7
trk1866,1860,33.7
trk1867,1854,33.7
trk1868,1861,33.7
trk1869,1855,33.7
trk1870,1857,33.7
trk1871,1853,33.7
trk1872,1852,33.7
trk1873,1862,33.7
trk1874,1876,33.6
trk1875,1871,33.6
trk1876,1873,33.6
trk1877,1875,33.6
trk1878,1868,33.6
trk1879,1869,33.6
trk1880,1866,33.6
trk1881,1865,33.6
trk1882,1867,33.6
trk1883,1877,33.6
trk1884,1874,33.6
trk1885,1878,33.6
trk1886,1872,33.6
trk1887,1870,33.6
trk1888,1881,33.5
trk1889,1879,33.5
trk1890,1882,33.5
trk1891,1880,33.5
trk1892,1883,33.5
trk1893,1886,33.4
trk1894,1884,33.4
trk1895,1891,33.4
trk1896,1889,33.4
trk1897,1888,33.4
trk1898,1885,33.4
trk1899,1892,33.4
trk1900,1890,33.4
trk1901,1887,33.4
trk1902,1894,33.3
trk1903,1900,33.3
trk1904,1896,33.3
trk1905,1898,33.3
trk1906,1895,33.3
trk1907,1901,33.3
trk1908,1902,33.3
trk1909,1897,33.3
trk1910,1899,33.3
trk1911,1893,33.3
trk1912,1903,33.2
trk1913,1910,33.2
trk1914,1907,33.2
trk1915,1909,33.2
trk1916,1904,33.2
trk1917,1908,33.2
trk1918,1911,33.2
trk1919,1906,33.2
trk1920,1905,33.2
trk1921,1915,33.1
trk1922,1916,33.1
trk1923,1918,33.1
trk1924,1914,33.1
trk1925,1912,33.1
trk1926,1917,33.1
trk1927,1913,33.1
trk1928,1923,33
trk1929,1919,33
trk1930,1920,33
trk1931,1927,33
trk1932,1928,33
trk1933,1924,33
trk1934,1925,33
trk1935,1921,33
trk1936,1929,33
trk1937,1922,33
trk1938,1926,33
trk1939,1934,32.9
trk1940,1939,32.9
trk1941,1930,32.9
trk1942,1936,32.9
trk1943,1935,32.9
trk1944,1932,32.9
trk1945,1933,32.9
trk1946,1938,32.9
trk1947,1937,32.9
trk1948,1931,32.9
trk1949,1942,32.8
trk1950,1940,32.8
trk1951,1941,32.8
trk1952,1944,32.8
trk1953,1943,32.8
trk1954,1948,32.7
trk1955,1946,32.7
trk1956,1945,32.7
trk1957,1947,32.7
trk1958,1958,32.6
trk1959,1949,32.6
trk1960,1950,32.6
trk1961,1957,32.6
trk1962,1954,32.6
trk1963,1959,32.6
trk1964,1960,32.6
trk1965,1956,32.6
trk1966,1953,32.6
trk1967,1952,32.6
trk1968,1955,32.6
trk1969,1951,32.6
trk1970,1972,32.5
trk1971,1970,32.5
trk1972,1962,32.5
trk1973,1969,32.5
trk1974,1963,32.5
trk1975,1961,32.5
trk1976,1971,32.5
trk1977,1966,32.5
trk1978,1967,32.5
trk1979,1968,32.5
trk1980,1965,32.5
trk1981,1964,32.5
trk1982,1983,32.4
trk1983,1975,32.4
trk1984,1978,32.4
trk1985,2192,32.4
trk1986,1976,32.4
trk1987,1982,32.4
trk1988,1980,32.4
trk1989,1973,32.4
trk1990,1977,32.4
trk1991,1974,32.4
trk1992,1981,32.4
trk1993,1979,32.4
trk1994,1999,32.3
trk1995,1994,32.3
trk1996,1998,32.3
trk1997,1996,32.3
trk1998,1986,32.3
trk1999,1995,32.3
trk2000,1985,32.3
trk2001,1992,32.3
trk2002,1988,32.3
trk2003,1997,32.3
trk2004,2000,32.3
trk2005,1987,32.3
trk2006,1990,32.3
trk2007,1991,32.3
trk2008,1993,32.3
trk2009,1984,32.3
trk2010,1989,32.3
trk2011,2001,32.2
trk2012,2008,32.2
trk2013,2006,32.2
trk2014,2005,32.2
trk2015,2002,32.2
trk2016,2003,32.2
trk2017,2007,32.2
trk2018,2004,32.2
trk2019,2013,32.1
trk2020,2015,32.1
trk2021,2010,32.1
trk2022,2022,32.1
trk2023,2016,32.1
trk2024,2018,32.1
trk2025,2020,32.1
trk2026,2011,32.1
trk2027,2012,32.1
trk2028,2014,32.1
trk2029,2019,32.1
trk2030,2021,32.1
trk2031,2017,32.1
trk2032,2009,32.1
trk2033,2023,32.1
trk2034,2033,32
trk2035,2029,32
trk2036,2030,32
trk2037,2025,32
trk2038,2026,32
trk2039,2035,32
trk2040,2031,32
trk2041,2027,32
trk2042,2034,32
trk2043,2028,32
trk2044,2032,32
trk2045,2024,32
trk2046,2040,31.9
trk2047,2038,31.9
trk2048,2042,31.9
trk2049,2046,31.9
trk2050,2041,31.9
trk2051,2045,31.9
trk2052,2043,31.9
trk2053,2044,31.9
trk2054,2036,31.9
trk2055,2047,31.9
trk2056,2039,31.9
trk2057,2037,31.9
trk2058,2054,31.8
trk2059,2048,31.8
trk2060,2055,31.8
trk2061,2064,31.8
trk2062,2050,31.8
trk2063,2052,31.8
trk2064,2049,31.8
trk2065,2063,31.8
trk2066,2056,31.8
trk2067,2059,31.8
trk2068,2057,31.8
trk2069,2051,31.8
trk2070,2058,31.8
trk2071,2061,31.8
trk2072,2060,31.8
trk2073,2062,31.8
trk2074,2066,31.8
trk2075,2065,31.8
trk2076,2053,31.8
trk2077,2068,31.7
trk2078,2070,31.7
trk2079,2069,31.7
trk2080,2071,31.7
trk2081,2074,31.7
trk2082,2073,31.7
trk2083,2072,31.7
trk2084,2067,31.7
trk2085,2085,31.6
trk2086,2078,31.6
trk2087,2088,31.6
trk2088,2076,31.6
trk2089,2086,31.6
trk2090,2079,31.6
trk2091,2075,31.6
trk2092,2084,31.6
trk2093,2077,31.6
trk2094,2083,31.6
trk2095,2082,31.6
trk2096,2080,31.6
trk2097,2087,31.6
trk2098,2081,31.6
trk2099,2100,31.5
trk2100,2091,31.5
trk2101,2102,31.5
trk2102,2098,31.5
trk2103,2094,31.5
trk2104,2101,31.5
trk2105,2099,31.5
trk2106,2096,31.5
trk2107,2090,31.5
trk2108,2097,31.5
trk2109,2093,31.5
trk2110,2089,31.5
trk2111,2092,31.5
trk2112,2095,31.5
trk2113,2106,31.4
trk2114,2104,31.4
trk2115,2105,31.4
trk2116,2108,31.4
trk2117,2103,31.4
trk2118,2107,31.4
trk2119,2109,31.4
trk2120,2114,31.3
trk2121,2117,31.3
trk2122,2116,31.3
trk2123,2118,31.3
trk2124,2110,31.3
trk2125,2115,31.3
trk2126,2112,31.3
trk2127,2111,31.3
trk2128,2119,31.3
trk2129,2113,31.3
trk2130,2129,31.2
trk2131,2134,31.2
trk2132,2130,31.2
trk2133,2128,31.2
trk2134,2122,31.2
trk2135,2126,31.2
trk2136,2132,31.2
trk2137,2123,31.2
trk2138,2127,31.2
trk2139,2131,31.2
trk2140,2125,31.2
trk2141,2120,31.2
trk2142,2124,31.2
trk2143,2133,31.2
trk2144,2121,31.2
trk2145,2135,31.1
trk2146,2136,31.1
trk2147,2139,31.1
trk2148,2141,31.1
trk2149,2142,31.1
trk2150,2144,31.1
trk2151,2140,31.1
trk2152,2143,31.1
trk2153,2137,31.1
trk2154,2138,31.1
trk2155,2149,31
trk2156,2153,31
trk2157,2155,31
trk2158,2148,31
trk2159,2146,31
trk2160,2147,31
trk2161,2154,31
trk2162,2152,31
trk2163,2150,31
trk2164,2145,31
trk2165,2151,31
trk2166,2156,31
trk2167,2160,30.9
trk2168,2163,30.9
trk2169,2158,30.9
trk2170,2159,30.9
trk2171,2157,30.9
trk2172,2162,30.9
trk2173,2161,30.9
trk2174,2169,30.8
trk2175,2164,30.8
trk2176,2166,30.8
trk2177,2168,30.8
trk2178,2177,30.8
trk2179,2173,30.8
trk2180,2174,30.8
trk2181,2165,30.8
trk2182,2176,30.8
trk2183,2167,30.8
trk2184,2175,30.8
trk2185,2171,30.8
trk2186,2170,30.8
trk2187,2172,30.8
trk2188,2180,30.7
trk2189,2178,30.7
trk2190,2179,30.7
trk2191,2182,30.7
trk2192,2183,30.7
trk2193,2181,30.7
trk2194,2184,30.7
trk2195,2197,30.6
trk2196,2189,30.6
trk2197,2194,30.6
trk2198,2192,30.6
trk2199,2187,30.6
trk2200,2193,30.6
trk2201,2185,30.6
trk2202,2196,30.6
trk2203,2195,30.6
trk2204,2186,30.6
trk2205,2190,30.6
trk2206,2188,30.6
trk2207,2198,30.6
trk2208,2191,30.6
trk2209,2199,30.5
trk2210,2201,30.5
trk2211,2204,30.5
trk2212,2205,30.5
trk2213,2202,30.5
trk2214,2200,30.5
trk2215,2203,30.5
trk2216,2206,30.5
trk2217,2207,30.5
trk2218,2210,30.4
trk2219,2213,30.4
trk2220,2212,30.4
trk2221,2208,30.4
trk2222,2222,30.4
trk2223,2216,30.4
trk2224,2221,30.4
trk2225,2217,30.4
trk2226,2219,30.4
trk2227,2218,30.4
trk2228,2215,30.4
trk2229,2220,30.4
trk2230,2214,30.4
trk2231,2211,30.4
trk2232,2209,30.4
trk2233,2224,30.3
trk2234,2225,30.3
trk2235,2238,30.3
trk2236,2223,30.3
trk2237,2234,30.3
trk2238,2229,30.3
trk2239,2239,30.3
trk2240,2236,30.3
trk2241,2232,30.3
trk2242,2233,30.3
trk2243,2237,30.3
trk2244,2230,30.3
trk2245,2227,30.3
trk2246,2226,30.3
trk2247,2240,30.3
trk2248,2228,30.3
trk2249,2235,30.3
trk2250,2231,30.3
trk2251,2247,30.2
trk2252,2248,30.2
trk2253,2245,30.2
trk2254,2243,30.2
trk2255,2246,30.2
trk2256,2249,30.2
trk2257,2250,30.2
trk2258,2241,30.2
trk2259,2244,30.2
trk2260,2242,30.2
trk2261,2254,30.1
trk2262,2252,30.1
trk2263,2263,30.1
trk2264,2255,30.1
trk2265,2262,30.1
trk2266,2265,30.1
trk2267,2251,30.1
trk2268,2264,30.1
trk2269,2260,30.1
trk2270,2257,30.1
trk2271,2259,30.1
trk2272,2256,30.1
trk2273,2253,30.1
trk2274,2261,30.1
trk2275,2258,30.1
trk2276,2268,30
trk2277,2269,30
trk2278,2274,30
trk2279,2280,30
trk2280,2284,30
trk2281,2281,30
trk2282,2282,30
trk2283,2276,30
trk2284,2270,30
trk2285,2267,30
trk2286,2272,30
trk2287,2277,30
trk2288,2266,30
trk2289,2271,30
trk2290,2278,30
trk2291,2273,30
trk2292,2275,30
trk2293,2283,30
trk2294,2279,30
trk2295,2298,29.9
trk2296,2295,29.9
trk2297,2293,29.9
trk2298,2287,29.9
trk2299,2290,29.9
trk2300,2296,29.9
trk2301,2297,29.9
trk2302,2299,29.9
trk2303,2292,29.9
trk2304,2294,29.9
trk2305,2291,29.9
trk2306,2288,29.9
trk2307,2286,29.9
trk2308,2285,29.9
trk2309,2289,29.9
trk2310,2301,29.8
trk2311,2306,29.8
trk2312,2303,29.8
trk2313,2309,29.8
trk2314,2312,29.8
trk2315,2305,29.8
trk2316,2314,29.8
trk2317,2300,29.8
trk2318,2302,29.8
trk2319,2307,29.8
trk2320,2313,29.8
trk2321,2308,29.8
trk2322,2310,29.8
trk2323,2304,29.8
trk2324,2311,29.8
trk2325,2326,29.7
trk2326,2319,29.7
trk2327,2320,29.7
trk2328,2318,29.7
trk2329,2322,29.7
trk2330,2324,29.7
trk2331,2321,29.7
trk2332,2325,29.7
trk2333,2317,29.7
trk2334,2323,29.7
trk2335,2315,29.7
trk2336,2316,29.7
trk2337,2334,29.6
trk2338,2330,29.6
trk2339,2331,29.6
trk2340,2327,29.6
trk2341,2329,29.6
trk2342,2332,29.6
trk2343,2333,29.6
trk2344,2328,29.6
trk2345,2338,29.5
trk2346,2343,29.5
trk2347,2341,29.5
trk2348,2340,29.5
trk2349,2339,29.5
trk2350,2342,29.5
trk2351,2336,29.5
trk2352,2346,29.5
trk2353,2344,29.5
trk2354,2337,29.5
trk2355,2335,29.5
trk2356,2347,29.5
trk2357,2345,29.5
trk2358,2351,29.4
trk2359,2352,29.4
trk2360,2359,29.4
trk2361,2360,29.4
trk2362,2358,29.4
trk2363,2349,29.4
trk2364,2357,29.4
trk2365,2348,29.4
trk2366,2355,29.4
trk2367,2354,29.4
trk2368,2350,29.4
trk2369,2356,29.4
trk2370,2353,29.4
trk2371,2373,29.3
trk2372,2361,29.3
trk2373,2372,29.3
trk2374,2368,29.3
trk2375,2375,29.3
trk2376,2367,29.3
trk2377,2362,29.3
trk2378,2371,29.3
trk2379,2363,29.3
trk2380,2364,29.3
trk2381,2376,29.3
trk2382,2365,29.3
trk2383,2369,29.3
trk2384,2374,29.3
trk2385,2370,29.3
trk2386,2366,29.3
trk2387,2377,29.2
trk2388,2386,29.2
trk2389,2379,29.2
trk2390,2378,29.2
trk2391,2383,29.2
trk2392,2382,29.2
trk2393,2394,29.2
trk2394,2390,29.2
trk2395,2392,29.2
trk2396,2389,29.2
trk2397,2384,29.2
trk2398,2385,29.2
trk2399,2381,29.2
trk2400,2395,29.2
trk2401,2391,29.2
trk2402,2387,29.2
trk2403,2380,29.2
trk2404,2393,29.2
trk2405,2388,29.2
trk2406,2401,29.1
trk2407,2399,29.1
trk2408,2402,29.1
trk2409,2405,29.1
trk2410,2403,29.1
trk2411,2404,29.1
trk2412,2400,29.1
trk2413,2396,29.1
trk2414,2398,29.1
trk2415,2397,29.1
trk2416,2413,29
trk2417,2408,29
trk2418,2406,29
trk2419,2415,29
trk2420,2409,29
trk2421,2418,29
trk2422,2419,29
trk2423,2423,29
trk2424,2422,29
trk2425,2412,29
trk2426,2417,29
trk2427,2407,29
trk2428,2411,29
trk2429,2416,29
trk2430,2410,29
trk2431,2420,29
trk2432,2421,29
trk2433,2414,29
trk2434,2437,28.9
trk2435,2438,28.9
trk2436,2427,28.9
trk2437,2428,28.9
trk2438,2431,28.9
trk2439,2430,28.9
trk2440,2426,28.9
trk2441,2434,28.9
trk2442,2439,28.9
trk2443,2425,28.9
trk2444,2436,28.9
trk2445,2441,28.9
trk2446,2433,28.9
trk2447,2435,28.9
trk2448,2432,28.9
trk2449,2440,28.9
trk2451,2424,28.9
trk2452,2448,28.8
trk2453,2445,28.8
trk2454,2456,28.8
trk2455,2450,28.8
trk2456,2446,28.8
trk2457,2457,28.8
trk2458,2459,28.8
trk2459,2455,28.8
trk2460,2442,28.8
trk2461,2444,28.8
trk2462,2451,28.8
trk2463,2452,28.8
trk2464,2447,28.8
trk2465,2454,28.8
trk2466,2458,28.8
trk2467,2449,28.8
trk2468,2453,28.8
trk2469,2443,28.8
trk2470,2474,28.7
trk2471,2468,28.7
trk2472,2465,28.7
trk2473,2466,28.7
trk2474,2471,28.7
trk2475,2463,28.7
trk2476,2467,28.7
trk2477,2464,28.7
trk2478,2473,28.7
trk2479,2460,28.7
trk2480,2469,28.7
trk2481,2462,28.7
trk2482,2461,28.7
trk2483,2470,28.7
trk2484,2472,28.7
trk2485,2478,28.6
trk2486,2483,28.6
trk2487,2475,28.6
trk2488,2484,28.6
trk2489,2479,28.6
trk2490,2477,28.6
trk2491,2482,28.6
trk2492,2485,28.6
trk2493,2481,28.6
trk2494,2476,28.6
trk2495,2480,28.6
trk2496,2490,28.5
trk2497,2488,28.5
trk2498,2495,28.5
trk2499,2540,28.5
trk2500,2491,28.5
trk2501,2487,28.5
trk2502,2492,28.5
trk2503,2486,28.5
trk2504,2493,28.5
trk2505,2494,28.5
trk2506,2489,28.5
trk2507,2500,28.4
trk2508,2502,28.4
trk2509,2498,28.4
trk2510,2497,28.4
trk2511,2499,28.4
trk2512,2501,28.4
trk2513,2496,28.4
trk2514,2517,28.3
trk2515,2503,28.3
trk2516,2515,28.3
trk2517,2514,28.3
trk2518,2513,28.3
trk2519,2505,28.3
trk2520,2504,28.3
trk2521,2509,28.3
trk2522,2508,28.3
trk2523,2516,28.3
trk2524,2507,28.3
trk2525,2510,28.3
trk2526,2506,28.3
trk2527,2512,28.3
trk2528,2511,28.3
trk2529,2525,28.2
trk2530,2522,28.2
trk2531,2529,28.2
trk2532,2523,28.2
trk2533,2530,28.2
trk2534,2535,28.2
trk2535,2534,28.2
trk2536,2533,28.2
trk2537,2528,28.2
trk2538,2518,28.2
trk2539,2532,28.2
trk2540,2526,28.2
trk2541,2524,28.2
trk2542,2531,28.2
trk2543,2521,28.2
trk2544,2519,28.2
trk2545,2520,28.2
trk2546,2527,28.2
trk2547,2538,28.1
trk2548,2542,28.1
trk2549,2544,28.1
trk2550,2536,28.1
trk2551,2545,28.1
trk2552,2537,28.1
trk2553,2539,28.1
trk2554,2548,28.1
trk2555,2541,28.1
trk2556,2547,28.1
trk2557,2546,28.1
trk2558,2540,28.1
trk2559,2543,28.1
trk2560,2556,28
trk2561,2553,28
trk2562,2558,28
trk2563,2554,28
trk2564,2555,28
trk2565,2557,28
trk2566,2551,28
trk2567,2559,28
trk2568,2552,28
trk2569,2561,28
trk2570,2549,28
trk2571,2550,28
trk2572,2560,28
trk2573,2570,27.9
trk2574,2566,27.9
trk2575,2564,27.9
trk2576,2575,27.9
trk2577,2574,27.9
trk2578,2565,27.9
trk2579,2569,27.9
trk2580,2573,27.9
trk2581,2568,27.9
trk2582,2572,27.9
trk2583,2571,27.9
trk2584,2562,27.9
trk2585,2563,27.9
trk2586,2576,27.9
trk2587,2567,27.9
trk2588,2579,27.8
trk2589,2577,27.8
trk2590,2583,27.8
trk2591,2580,27.8
trk2592,2584,27.8
trk2593,2585,27.8
trk2594,2582,27.8
trk2595,2587,27.8
trk2596,2589,27.8
trk2597,2586,27.8
trk2598,2578,27.8
trk2599,2588,27.8
trk2600,2581,27.8
trk2601,2604,27.7
trk2602,2607,27.7
trk2603,2596,27.7
trk2604,2603,27.7
trk2605,2594,27.7
trk2606,2591,27.7
trk2607,2600,27.7
trk2608,2593,27.7
trk2609,2599,27.7
trk2610,2605,27.7
trk2611,2592,27.7
trk2612,2606,27.7
trk2613,2601,27.7
trk2614,2595,27.7
trk2615,2597,27.7
trk2616,2590,27.7
trk2617,2598,27.7
trk2618,2602,27.7
trk2619,2614,27.6
trk2620,2611,27.6
trk2621,2616,27.6
trk2622,2613,27.6
trk2623,2618,27.6
trk2624,2610,27.6
trk2625,2617,27.6
trk2626,2615,27.6
trk2627,2609,27.6
trk2628,2608,27.6
trk2629,2612,27.6
trk2630,2625,27.5
trk2631,2634,27.5
trk2632,2627,27.5
trk2633,2624,27.5
trk2634,2633,27.5
trk2635,2628,27.5
trk2636,2632,27.5
trk2637,2626,27.5
trk2638,2621,27.5
trk2639,2620,27.5
trk2640,2631,27.5
trk2641,2629,27.5
trk2642,2630,27.5
trk2643,2619,27.5
trk2644,2623,27.5
trk2645,2622,27.5
trk2646,2642,27.4
trk2647,2640,27.4
trk2648,2654,27.4
trk2649,2646,27.4
trk2650,2641,27.4
trk2651,2650,27.4
trk2652,2649,27.4
trk2653,2636,27.4
trk2654,2653,27.4
trk2655,2645,27.4
trk2656,2643,27.4
trk2657,2651,27.4
trk2658,2655,27.4
trk2659,2635,27.4
trk2660,2648,27.4
trk2661,2644,27.4
trk2662,2647,27.4
trk2663,2639,27.4
trk2664,2652,27.4
trk2665,2637,27.4
trk2666,2638,27.4
trk2667,2661,27.3
trk2668,2671,27.3
trk2669,2673,27.3
trk2670,2672,27.3
trk2671,2667,27.3
trk2672,2666,27.3
trk2673,2670,27.3
trk2674,2974,27.3
trk2675,2662,27.3
trk2676,2665,27.3
trk2677,2668,27.3
trk2678,2657,27.3
trk2679,2660,27.3
trk2680,2669,27.3
trk2681,2664,27.3
trk2682,2663,27.3
trk2683,2659,27.3
trk2684,2656,27.3
trk2685,2658,27.3
trk2686,2691,27.2
trk2687,2680,27.2
trk2688,2676,27.2
trk2689,2688,27.2
trk2690,2681,27.2
trk2691,2686,27.2
trk2692,2687,27.2
trk2693,2679,27.2
trk2694,2685,27.2
trk2695,2678,27.2
trk2696,2675,27.2
trk2697,2682,27.2
trk2698,2690,27.2
trk2699,2684,27.2
trk2700,2674,27.2
trk2701,2689,27.2
trk2702,2677,27.2
trk2703,2683,27.2
trk2704,2705,27.1
trk2705,2699,27.1
trk2706,2698,27.1
trk2707,2702,27.1
trk2708,2701,27.1
trk2709,2694,27.1
trk2710,2700,27.1
trk2711,2704,27.1
trk2712,2693,27.1
trk2713,2697,27.1
trk2714,2703,27.1
trk2715,2692,27.1
trk2716,2696,27.1
trk2717,2695,27.1
trk2718,2724,27
trk2719,2709,27
trk2720,2715,27
trk2721,2712,27
trk2722,2708,27
trk2723,2719,27
trk2724,2710,27
trk2725,2720,27
trk2726,2711,27
trk2727,2706,27
trk2728,2723,27
trk2729,2718,27
trk2730,2725,27
trk2731,2721,27
trk2732,2717,27
trk2733,2707,27
trk2734,2714,27
trk2735,2713,27
trk2736,2726,27
trk2737,2716,27
trk2738,2722,27
trk2739,2737,26.9
trk2740,2735,26.9
trk2741,2731,26.9
trk2742,2738,26.9
trk2743,2732,26.9
trk2744,2733,26.9
trk2745,2727,26.9
trk2746,2729,26.9
trk2747,2728,26.9
trk2748,2730,26.9
trk2749,2734,26.9
trk2750,2736,26.9
trk2751,2743,26.8
trk2752,2750,26.8
trk2753,2739,26.8
trk2754,2751,26.8
trk2755,2755,26.8
trk2756,2740,26.8
trk2757,2744,26.8
trk2758,2746,26.8
trk2759,2747,26.8
trk2760,2752,26.8
trk2761,2745,26.8
trk2762,2753,26.8
trk2763,2749,26.8
trk2764,2742,26.8
trk2765,2748,26.8
trk2766,2754,26.8
trk2767,2741,26.8
trk2768,2759,26.7
trk2769,2762,26.7
trk2770,2770,26.7
trk2771,2773,26.7
trk2772,2775,26.7
trk2773,2756,26.7
trk2774,2760,26.7
trk2775,2757,26.7
trk2776,2767,26.7
trk2777,2764,26.7
trk2778,2772,26.7
trk2779,2769,26.7
trk2780,2763,26.7
trk2781,2771,26.7
trk2782,2758,26.7
trk2783,2774,26.7
trk2784,2765,26.7
trk2785,2768,26.7
trk2786,2761,26.7
trk2787,2766,26.7
trk2788,2787,26.6
trk2789,2792,26.6
trk2790,2789,26.6
trk2791,2777,26.6
trk2792,2785,26.6
trk2793,2790,26.6
trk2794,2779,26.6
trk2795,2776,26.6
trk2796,2788,26.6
trk2797,2794,26.6
trk2798,2786,26.6
trk2799,2783,26.6
trk2800,2780,26.6
trk2801,2791,26.6
trk2802,2784,26.6
trk2803,2793,26.6
trk2804,2778,26.6
trk2805,2781,26.6
trk2806,2782,26.6
trk2807,2806,26.5
trk2808,2800,26.5
trk2809,2804,26.5
trk2810,2808,26.5
trk2811,2802,26.5
trk2812,2795,26.5
trk2813,2805,26.5
trk2814,2801,26.5
trk2815,2810,26.5
trk2816,2809,26.5
trk2817,2811,26.5
trk2818,2796,26.5
trk2819,2807,26.5
trk2820,2799,26.5
trk2821,2803,26.5
trk2822,2798,26.5
trk2823,2797,26.5
trk2824,2816,26.4
trk2825,2815,26.4
trk2826,2819,26.4
trk2827,2814,26.4
trk2828,2817,26.4
trk2829,2818,26.4
trk2830,2812,26.4
trk2831,2820,26.4
trk2832,2813,26.4
trk2833,2835,26.3
trk2834,2840,26.3
trk2835,2826,26.3
trk2836,2825,26.3
trk2837,2841,26.3
trk2838,2839,26.3
trk2839,2836,26.3
trk2840,2823,26.3
trk2841,2828,26.3
trk2842,2830,26.3
trk2843,2824,26.3
trk2844,2834,26.3
trk2845,2838,26.3
trk2846,2837,26.3
trk2847,2827,26.3
trk2848,2833,26.3
trk2849,2831,26.3
trk2850,2822,26.3
trk2851,2821,26.3
trk2852,2832,26.3
trk2853,2829,26.3
trk2854,2852,26.2
trk2855,2849,26.2
trk2856,2842,26.2
trk2857,2850,26.2
trk2858,2848,26.2
trk2859,2845,26.2
trk2860,2847,26.2
trk2861,2844,26.2
trk2862,2846,26.2
trk2863,2853,26.2
trk2864,2851,26.2
trk2865,2843,26.2
trk2866,2869,26.1
trk2867,2864,26.1
trk2868,2865,26.1
trk2869,2858,26.1
trk2870,2867,26.1
trk2871,2859,26.1
trk2872,2856,26.1
trk2873,2863,26.1
trk2874,2857,26.1
trk2875,2868,26.1
trk2876,2862,26.1
trk2877,2866,26.1
trk2878,2854,26.1
trk2879,2861,26.1
trk2880,2860,26.1
trk2881,2855,26.1
trk2882,2882,26
trk2883,2886,26
trk2884,2881,26
trk2885,2879,26
trk2886,2884,26
trk2887,2877,26
trk2888,2876,26
trk2889,2874,26
trk2890,2873,26
trk2891,2888,26
trk2892,2887,26
trk2893,2880,26
trk2894,2871,26
trk2895,2872,26
trk2896,2870,26
trk2897,2889,26
trk2898,2878,26
trk2899,2875,26
trk2900,2885,26
trk2901,2883,26
trk2902,2892,25.9
trk2903,2899,25.9
trk2904,2893,25.9
trk2905,2897,25.9
trk2906,2894,25.9
trk2907,2906,25.9
trk2908,2895,25.9
trk2909,2890,25.9
trk2910,2908,25.9
trk2911,2896,25.9
trk2912,2905,25.9
trk2913,2902,25.9
trk2914,2901,25.9
trk2915,2909,25.9
trk2916,2907,25.9
trk2917,2898,25.9
trk2918,2891,25.9
trk2919,2900,25.9
trk2920,2904,25.9
trk2921,2903,25.9
trk2922,2931,25.8
trk2923,2919,25.8
trk2924,2929,25.8
trk2925,2928,25.8
trk2926,2910,25.8
trk2927,2915,25.8
trk2928,2927,25.8
trk2929,2911,25.8
trk2930,2930,25.8
trk2931,2921,25.8
trk2932,2918,25.8
trk2933,2913,25.8
trk2934,2922,25.8
trk2935,2923,25.8
trk2936,2926,25.8
trk2937,2925,25.8
trk2938,2924,25.8
trk2939,2916,25.8
trk2940,2914,25.8
trk2941,2912,25.8
trk2942,2920,25.8
trk2943,2917,25.8
trk2944,2945,25.7
trk2945,2937,25.7
trk2946,2932,25.7
trk2947,2935,25.7
trk2948,2944,25.7
trk2949,2940,25.7
trk2950,2938,25.7
trk2951,2934,25.7
trk2952,2936,25.7
trk2953,2948,25.7
trk2954,2942,25.7
trk2955,2946,25.7
trk2956,2943,25.7
trk2957,2939,25.7
trk2958,2949,25.7
trk2959,2947,25.7
trk2960,2941,25.7
trk2961,2933,25.7
trk2962,2950,25.7
trk2963,2955,25.6
trk2964,2962,25.6
trk2965,2968,25.6
trk2966,2957,25.6
trk2967,2969,25.6
trk2968,2964,25.6
trk2969,2975,25.6
trk2970,2966,25.6
trk2971,2963,25.6
trk2972,2970,25.6
trk2973,2965,25.6
trk2974,2971,25.6
trk2975,2967,25.6
trk2976,2954,25.6
trk2977,2953,25.6
trk2978,2952,25.6
trk2979,2973,25.6
trk2980,2961,25.6
trk2981,2959,25.6
trk2982,2974,25.6
trk2983,2960,25.6
trk2984,2956,25.6
trk2985,2951,25.6
trk2986,2972,25.6
trk2987,2958,25.6
trk2988,2994,25.5
trk2989,2979,25.5
trk2990,2991,25.5
trk2991,2990,25.5
trk2992,2992,25.5
trk2993,2976,25.5
trk2994,2983,25.5
trk2995,2977,25.5
trk2996,2981,25.5
trk2997,2993,25.5
trk2998,2988,25.5
trk2999,2986,25.5
trk3000,2987,25.5
trk3001,2985,25.5
trk3002,2980,25.5
trk3003,2982,25.5
trk3004,2978,25.5
trk3005,2989,25.5
trk3006,2984,25.5
trk3007,3000,25.4
trk3008,3005,25.4
trk3009,3002,25.4
trk3010,3004,25.4
trk3011,2999,25.4
trk3012,2998,25.4
trk3013,3003,25.4
trk3014,3008,25.4
trk3015,3001,25.4
trk3016,2996,25.4
trk3017,2995,25.4
trk3018,3006,25.4
trk3019,3010,25.4
trk3020,2997,25.4
trk3021,3007,25.4
trk3022,3009,25.4
trk3023,3016,25.3
trk3024,3019,25.3
trk3025,3015,25.3
trk3026,3012,25.3
trk3027,3023,25.3
trk3028,3011,25.3
trk3029,3017,25.3
trk3030,3022,25.3
trk3031,3014,25.3
trk3032,3013,25.3
trk3033,3024,25.3
trk3034,3021,25.3
trk3035,3020,25.3
trk3036,3018,25.3
trk3037,3026,25.2
trk3038,3027,25.2
trk3039,3030,25.2
trk3040,3032,25.2
trk3041,3038,25.2
trk3042,3025,25.2
trk3043,3031,25.2
trk3044,3034,25.2
trk3045,3035,25.2
trk3046,3395,25.2
trk3047,3033,25.2
trk3048,3037,25.2
trk3049,3029,25.2
trk3050,3036,25.2
trk3051,3028,25.2
trk3052,3056,25.1
trk3053,3039,25.1
trk3054,3053,25.1
trk3055,3050,25.1
trk3056,3052,25.1
trk3057,3047,25.1
trk3058,3046,25.1
trk3059,3043,25.1
trk3060,3042,25.1
trk3061,3055,25.1
trk3062,3044,25.1
trk3063,3057,25.1
trk3064,3040,25.1
trk3065,3041,25.1
trk3066,3048,25.1
trk3067,3058,25.1
trk3068,3049,25.1
trk3069,3045,25.1
trk3070,3054,25.1
trk3071,3051,25.1
trk3072,3074,25
trk3073,3059,25
trk3074,3075,25
trk3075,3077,25
trk3076,3061,25
trk3077,3072,25
trk3078,3073,25
trk3079,3070,25
trk3080,3076,25
trk3081,3060,25
trk3082,3068,25
trk3083,3065,25
trk3084,3066,25
trk3085,3067,25
trk3086,3062,25
trk3087,3069,25
trk3088,3064,25
trk3089,3071,25
trk3090,3063,25
trk3091,3078,25
trk3092,3079,24.9
trk3093,3089,24.9
trk3094,3090,24.9
trk3095,3091,24.9
trk3096,3086,24.9
trk3097,3081,24.9
trk3098,3083,24.9
trk3099,3092,24.9
trk3100,3085,24.9
trk3101,3082,24.9
trk3102,3087,24.9
trk3103,3084,24.9
trk3104,3093,24.9
trk3105,3088,24.9
trk3106,3080,24.9
trk3107,3110,24.8
trk3108,3111,24.8
trk3109,3107,24.8
trk3110,3101,24.8
trk3111,3094,24.8
trk3112,3112,24.8
trk3113,3099,24.8
trk3114,3106,24.8
trk3115,3096,24.8
trk3116,3103,24.8
trk3117,3104,24.8
trk3118,3109,24.8
trk3119,3114,24.8
trk3120,3105,24.8
trk3121,3095,24.8
trk3122,3098,24.8
trk3123,3100,24.8
trk3124,3108,24.8
trk3125,3113,24.8
trk3126,3097,24.8
trk3127,3102,24.8
trk3128,3129,24.7
trk3129,3131,24.7
trk3130,3125,24.7
trk3131,3117,24.7
trk3132,3115,24.7
trk3133,3120,24.7
trk3134,3121,24.7
trk3135,3118,24.7
trk3136,3122,24.7
trk3137,3116,24.7
trk3138,3126,24.7
trk3139,3123,24.7
trk3140,3128,24.7
trk3141,3124,24.7
trk3142,3130,24.7
trk3143,3127,24.7
trk3144,3119,24.7
trk3145,3143,24.6
trk3146,3147,24.6
trk3147,3151,24.6
trk3148,3141,24.6
trk3149,3145,24.6
trk3150,3155,24.6
trk3151,3136,24.6
trk3152,3149,24.6
trk3153,3153,24.6
trk3154,3148,24.6
trk3155,3138,24.6
trk3156,3135,24.6
trk3157,3156,24.6
trk3158,3140,24.6
trk3159,3132,24.6
trk3160,3154,24.6
trk3161,3144,24.6
trk3162,3137,24.6
trk3163,3134,24.6
trk3164,3142,24.6
trk3165,3152,24.6
trk3166,3146,24.6
trk3167,3133,24.6
trk3168,3150,24.6
trk3169,3139,24.6
trk3170,3165,24.5
trk3171,3170,24.5
trk3172,3157,24.5
trk3173,3169,24.5
trk3174,3547,24.5
trk3175,3177,24.5
trk3176,3159,24.5
trk3177,3167,24.5
trk3178,3166,24.5
trk3179,3175,24.5
trk3180,3158,24.5
trk3181,3161,24.5
trk3182,3163,24.5
trk3183,3176,24.5
trk3184,3172,24.5
trk3185,3178,24.5
trk3186,3160,24.5
trk3187,3171,24.5
trk3188,3168,24.5
trk3189,3164,24.5
trk3190,3174,24.5
trk3191,3162,24.5
trk3192,3173,24.5
trk3193,3186,24.4
trk3194,3192,24.4
trk3195,3183,24.4
trk3196,3189,24.4
trk3197,3201,24.4
trk3198,3197,24.4
trk3199,3195,24.4
trk3200,3184,24.4
trk3201,3196,24.4
trk3202,3181,24.4
trk3203,3187,24.4
trk3204,3199,24.4
trk3205,3198,24.4
trk3206,3200,24.4
trk3207,3191,24.4
trk3208,3194,24.4
trk3209,3193,24.4
trk3210,3188,24.4
trk3211,3179,24.4
trk3212,3202,24.4
trk3213,3180,24.4
trk3214,3185,24.4
trk3215,3190,24.4
trk3216,3182,24.4
trk3217,3212,24.3
trk3218,3217,24.3
trk3219,3216,24.3
trk3220,3219,24.3
trk3221,3221,24.3
trk3222,3204,24.3
trk3223,3214,24.3
trk3224,3213,24.3
trk3225,3211,24.3
trk3226,3210,24.3
trk3227,3220,24.3
trk3228,3208,24.3
trk3229,3203,24.3
trk3230,3207,24.3
trk3231,3215,24.3
trk3232,3218,24.3
trk3233,3206,24.3
trk3234,3205,24.3
trk3235,3209,24.3
trk3236,3222,24.3
trk3237,3225,24.2
trk3238,3243,24.2
trk3239,3233,24.2
trk3240,3223,24.2
trk3241,3231,24.2
trk3242,3237,24.2
trk3243,3230,24.2
trk3244,3241,24.2
trk3245,3227,24.2
trk3246,3235,24.2
trk3247,3228,24.2
trk3248,3226,24.2
trk3249,3236,24.2
trk3250,3234,24.2
trk3251,3240,24.2
trk3252,3224,24.2
trk3253,3239,24.2
trk3254,3232,24.2
trk3255,3229,24.2
trk3256,3238,24.2
trk3257,3242,24.2
trk3258,3245,24.1
trk3259,3254,24.1
trk3260,3246,24.1
trk3261,3248,24.1
trk3262,3260,24.1
trk3263,3267,24.1
trk3264,3263,24.1
trk3265,3249,24.1
trk3266,3253,24.1
trk3267,3329,24.1
trk3268,3250,24.1
trk3269,3258,24.1
trk3270,3244,24.1
trk3271,3259,24.1
trk3272,3247,24.1
trk3273,3257,24.1
trk3274,3265,24.1
trk3275,3264,24.1
trk3276,3268,24.1
trk3277,3266,24.1
trk3278,3251,24.1
trk3279,3252,24.1
trk3280,3262,24.1
trk3281,3261,24.1
trk3282,3255,24.1
trk3283,3256,24.1
trk3284,3277,24
trk3285,3271,24
trk3286,3284,24
trk3287,3272,24
trk3288,3281,24
trk3289,3274,24
trk3290,3273,24
trk3291,3285,24
trk3292,3283,24
trk3293,3275,24
trk3294,3276,24
trk3295,3269,24
trk3296,3286,24
trk3297,3280,24
trk3298,3270,24
trk3299,3278,24
trk3300,3282,24
trk3301,3279,24
trk3302,3287,24
trk3303,3306,23.9
trk3304,3292,23.9
trk3305,3291,23.9
trk3306,3297,23.9
trk3307,3304,23.9
trk3308,3300,23.9
trk3309,3294,23.9
trk3310,3298,23.9
trk3311,3288,23.9
trk3312,3290,23.9
trk3313,3303,23.9
trk3314,3295,23.9
trk3315,3301,23.9
trk3316,3307,23.9
trk3317,3296,23.9
trk3318,3310,23.9
trk3319,3289,23.9
trk3320,3311,23.9
trk3321,3314,23.9
trk3322,3313,23.9
trk3323,3309,23.9
trk3324,3312,23.9
trk3325,3299,23.9
trk3326,3293,23.9
trk3327,3308,23.9
trk3328,3305,23.9
trk3329,3302,23.9
trk3330,3328,23.8
trk3331,3331,23.8
trk3332,3322,23.8
trk3333,3321,23.8
trk3334,3338,23.8
trk3335,3339,23.8
trk3336,3336,23.8
trk3337,3320,23.8
trk3338,3330,23.8
trk3339,3316,23.8
trk3340,3340,23.8
trk3341,3323,23.8
trk3342,3318,23.8
trk3343,3326,23.8
trk3344,3315,23.8
trk3345,3335,23.8
trk3346,3317,23.8
trk3347,3327,23.8
trk3348,3332,23.8
trk3349,3329,23.8
trk3350,3325,23.8
trk3351,3333,23.8
trk3352,3334,23.8
trk3353,3319,23.8
trk3354,3337,23.8
trk3355,3324,23.8
trk3356,3440,23.7
trk3357,3364,23.7
trk3358,3358,23.7
trk3359,3362,23.7
trk3360,3359,23.7
trk3361,3351,23.7
trk3362,3363,23.7
trk3363,3347,23.7
trk3364,3360,23.7
trk3365,3343,23.7
trk3366,3354,23.7
trk3367,3345,23.7
trk3368,3355,23.7
trk3369,3346,23.7
trk3370,3348,23.7
trk3371,3342,23.7
trk3372,3352,23.7
trk3373,3361,23.7
trk3374,3349,23.7
trk3375,3344,23.7
trk3376,3357,23.7
trk3377,3341,23.7
trk3378,3356,23.7
trk3379,3350,23.7
trk3380,3353,23.7
trk3381,3366,23.6
trk3382,3365,23.6
trk3383,3376,23.6
trk3384,3367,23.6
trk3385,3387,23.6
trk3386,3379,23.6
trk3387,3370,23.6
trk3388,3386,23.6
trk3389,3377,23.6
trk3390,3378,23.6
trk3391,3383,23.6
trk3392,3372,23.6
trk3393,3369,23.6
trk3394,3368,23.6
trk3395,3373,23.6
trk3396,3374,23.6
trk3397,3388,23.6
trk3398,3371,23.6
trk3399,3384,23.6
trk3400,3380,23.6
trk3401,3382,23.6
trk3402,3385,23.6
trk3403,3381,23.6
trk3404,3375,23.6
trk3405,3418,23.5
trk3406,3394,23.5
trk3407,3410,23.5
trk3408,3407,23.5
trk3409,3398,23.5
trk3410,3395,23.5
trk3411,3414,23.5
trk3412,3396,23.5
trk3413,3400,23.5
trk3414,3390,23.5
trk3415,3416,23.5
trk3416,3417,23.5
trk3417,3408,23.5
trk3418,3391,23.5
trk3419,3402,23.5
trk3420,3393,23.5
trk3421,3406,23.5
trk3422,3415,23.5
trk3423,3403,23.5
trk3424,3412,23.5
trk3425,3409,23.5
trk3426,3392,23.5
trk3427,3397,23.5
trk3428,3405,23.5
trk3429,3399,23.5
trk3430,3389,23.5
trk3431,3401,23.5
trk3432,3413,23.5
trk3433,3404,23.5
trk3434,3411,23.5
trk3435,3420,23.4
trk3436,3431,23.4
trk3437,3421,23.4
trk3438,3422,23.4
trk3439,3423,23.4
trk3440,3427,23.4
trk3441,3426,23.4
trk3442,3428,23.4
trk3443,3425,23.4
trk3444,3430,23.4
trk3445,3419,23.4
trk3446,3424,23.4
trk3447,3429,23.4
trk3449,3435,23.3
trk3450,3438,23.3
trk3451,3441,23.3
trk3452,3437,23.3
trk3453,3450,23.3
trk3454,3436,23.3
trk3455,3443,23.3
trk3456,3440,23.3
trk3457,3444,23.3
trk3458,3451,23.3
trk3459,3442,23.3
trk3460,3432,23.3
trk3461,3445,23.3
trk3462,3537,23.3
trk3463,3449,23.3
trk3464,3448,23.3
trk3465,3434,23.3
trk3466,3447,23.3
trk3467,3439,23.3
trk3468,3433,23.3
trk3469,3867,23.2
trk3470,3477,23.2
trk3471,3474,23.2
trk3472,3462,23.2
trk3473,3458,23.2
trk3474,3455,23.2
trk3475,3471,23.2
trk3476,3452,23.2
trk3477,3476,23.2
trk3478,3461,23.2
trk3479,3473,23.2
trk3480,3465,23.2
trk3481,3464,23.2
trk3482,3472,23.2
trk3483,3470,23.2
trk3484,3468,23.2
trk3485,3460,23.2
trk3486,3469,23.2
trk3487,3475,23.2
trk3488,3466,23.2
trk3489,3467,23.2
trk3490,3459,23.2
trk3491,3456,23.2
trk3492,3453,23.2
trk3493,3454,23.2
trk3494,3457,23.2
trk3495,3463,23.2
trk3496,3478,23.1
trk3497,3489,23.1
trk3498,3497,23.1
trk3499,3496,23.1
trk3500,3484,23.1
trk3501,3492,23.1
trk3502,3481,23.1
trk3503,3499,23.1
trk3504,3495,23.1
trk3505,3494,23.1
trk3506,3485,23.1
trk3507,3486,23.1
trk3508,3480,23.1
trk3509,3488,23.1
trk3510,3490,23.1
trk3511,3482,23.1
trk3512,3487,23.1
trk3513,3498,23.1
trk3514,3479,23.1
trk3515,3491,23.1
trk3516,3493,23.1
trk3517,3483,23.1
trk3518,3524,23
trk3519,3525,23
trk3520,3508,23
trk3521,3519,23
trk3522,3517,23
trk3523,3500,23
trk3524,3503,23
trk3525,3518,23
trk3526,3521,23
trk3527,3511,23
trk3528,3504,23
trk3529,3522,23
trk3530,3512,23
trk3531,3501,23
trk3532,3523,23
trk3533,3516,23
trk3534,3505,23
trk3535,3502,23
trk3536,3515,23
trk3537,3513,23
trk3538,3510,23
trk3539,3506,23
trk3540,3514,23
trk3541,3520,23
trk3542,3507,23
trk3543,3509,23
trk3544,3530,22.9
trk3545,3526,22.9
trk3546,3527,22.9
trk3547,3535,22.9
trk3548,3542,22.9
trk3549,3541,22.9
trk3550,3531,22.9
trk3551,3543,22.9
trk3552,3536,22.9
trk3553,3538,22.9
trk3554,3540,22.9
trk3555,3528,22.9
trk3556,3532,22.9
trk3557,3539,22.9
trk3558,3533,22.9
trk3559,3529,22.9
trk3560,3537,22.9
trk3561,3534,22.9
trk3562,3561,22.8
trk3563,3558,22.8
trk3564,3555,22.8
trk3565,3548,22.8
trk3566,3563,22.8
trk3567,3566,22.8
trk3568,3565,22.8
trk3569,3560,22.8
trk3570,3547,22.8
trk3571,3553,22.8
trk3572,3550,22.8
trk3573,3564,22.8
trk3574,3562,22.8
trk3575,3545,22.8
trk3576,3557,22.8
trk3577,3551,22.8
trk3578,3549,22.8
trk3579,3554,22.8
trk3580,3546,22.8
trk3581,3544,22.8
trk3582,3556,22.8
trk3583,3567,22.8
trk3584,3559,22.8
trk3585,3552,22.8
trk3586,3568,22.8
trk3587,3595,22.7
trk3588,3580,22.7
trk3589,3590,22.7
trk3590,3594,22.7
trk3591,3575,22.7
trk3592,3582,22.7
trk3593,3571,22.7
trk3594,3585,22.7
trk3595,3578,22.7
trk3596,3592,22.7
trk3597,3576,22.7
trk3598,3573,22.7
trk3599,3570,22.7
trk3600,3572,22.7
trk3601,3596,22.7
trk3602,3581,22.7
trk3603,3593,22.7
trk3604,3586,22.7
trk3605,3589,22.7
trk3606,3577,22.7
trk3607,3584,22.7
trk3608,3574,22.7
trk3609,3583,22.7
trk3610,3579,22.7
trk3611,3588,22.7
trk3612,3569,22.7
trk3613,3591,22.7
trk3614,3587,22.7
trk3615,3611,22.6
trk3616,3603,22.6
trk3617,3618,22.6
trk3618,3616,22.6
trk3619,3621,22.6
trk3620,3615,22.6
trk3621,3622,22.6
trk3622,3600,22.6
trk3623,3610,22.6
trk3624,3597,22.6
trk3625,3614,22.6
trk3626,3601,22.6
trk3627,3607,22.6
trk3628,3606,22.6
trk3629,3599,22.6
trk3630,3604,22.6
trk3631,3617,22.6
trk3632,3598,22.6
trk3633,3608,22.6
trk3634,3612,22.6
trk3635,3605,22.6
trk3636,3609,22.6
trk3637,3613,22.6
trk3638,3602,22.6
trk3639,3619,22.6
trk3640,3620,22.6
trk3641,3623,22.6
trk3642,3638,22.5
trk3643,3637,22.5
trk3644,3646,22.5
trk3645,3633,22.5
trk3646,3645,22.5
trk3647,3631,22.5
trk3648,3626,22.5
trk3649,3634,22.5
trk3650,3639,22.5
trk3651,3644,22.5
trk3652,3643,22.5
trk3653,3647,22.5
trk3654,3627,22.5
trk3655,3648,22.5
trk3656,3642,22.5
trk3657,3641,22.5
trk3658,3629,22.5
trk3659,3640,22.5
trk3660,3625,22.5
trk3661,3632,22.5
trk3662,3624,22.5
trk3663,3630,22.5
trk3664,3635,22.5
trk3665,3636,22.5
trk3666,3628,22.5
trk3667,3649,22.5
trk3668,3661,22.4
trk3669,3651,22.4
trk3670,3664,22.4
trk3671,3658,22.4
trk3672,3667,22.4
trk3673,3670,22.4
trk3674,3678,22.4
trk3675,3665,22.4
trk3676,3676,22.4
trk3677,3669,22.4
trk3678,3673,22.4
trk3679,3652,22.4
trk3680,3672,22.4
trk3681,3654,22.4
trk3682,3668,22.4
trk3683,3662,22.4
trk3684,3663,22.4
trk3685,3675,22.4
trk3686,3653,22.4
trk3687,3655,22.4
trk3688,3677,22.4
trk3689,3674,22.4
trk3690,3660,22.4
trk3691,3656,22.4
trk3692,3659,22.4
trk3693,3650,22.4
trk3694,3671,22.4
trk3695,3657,22.4
trk3696,3666,22.4
trk3697,3679,22.4
trk3698,3703,22.3
trk3699,3686,22.3
trk3700,3704,22.3
trk3701,3684,22.3
trk3702,3691,22.3
trk3703,3690,22.3
trk3704,3681,22.3
trk3705,3698,22.3
trk3706,3687,22.3
trk3707,3680,22.3
trk3708,3693,22.3
trk3709,3694,22.3
trk3710,3701,22.3
trk3711,3695,22.3
trk3712,3697,22.3
trk3713,3700,22.3
trk3714,3699,22.3
trk3715,3685,22.3
trk3716,3702,22.3
trk3717,3692,22.3
trk3718,3689,22.3
trk3719,3683,22.3
trk3720,3688,22.3
trk3721,3696,22.3
trk3722,3682,22.3
trk3723,3705,22.3
trk3724,3714,22.2
trk3725,3707,22.2
trk3726,3709,22.2
trk3727,3720,22.2
trk3728,3731,22.2
trk3729,3727,22.2
trk3730,3730,22.2
trk3731,3706,22.2
trk3732,3722,22.2
trk3733,3734,22.2
trk3734,3737,22.2
trk3735,3728,22.2
trk3736,3719,22.2
trk3737,3738,22.2
trk3738,3715,22.2
trk3739,3711,22.2
trk3740,3716,22.2
trk3741,3725,22.2
trk3742,3717,22.2
trk3743,3733,22.2
trk3744,3713,22.2
trk3745,3726,22.2
trk3746,3712,22.2
trk3747,3710,22.2
trk3748,3718,22.2
trk3749,3735,22.2
trk3750,3721,22.2
trk3751,3736,22.2
trk3752,3732,22.2
trk3753,3724,22.2
trk3754,3723,22.2
trk3755,3708,22.2
trk3756,3729,22.2
trk3757,3751,22.1
trk3758,3748,22.1
trk3759,3752,22.1
trk3760,3747,22.1
trk3761,3754,22.1
trk3762,3742,22.1
trk3763,3740,22.1
trk3764,3763,22.1
trk3765,3744,22.1
trk3766,3746,22.1
trk3767,3741,22.1
trk3768,3749,22.1
trk3769,3759,22.1
trk3770,3760,22.1
trk3771,3757,22.1
trk3772,3758,22.1
trk3773,3764,22.1
trk3774,3762,22.1
trk3775,3755,22.1
trk3776,3739,22.1
trk3777,3745,22.1
trk3778,3753,22.1
trk3779,3756,22.1
trk3780,3750,22.1
trk3781,3743,22.1
trk3782,3761,22.1
trk3783,3792,22
trk3784,3790,22
trk3785,3776,22
trk3786,3784,22
trk3787,3773,22
trk3788,3770,22
trk3789,3769,22
trk3790,3772,22
trk3791,3778,22
trk3792,3789,22
trk3793,3780,22
trk3794,3786,22
trk3795,3775,22
trk3796,3768,22
trk3797,3791,22
trk3798,3783,22
trk3799,3765,22
trk3800,3782,22
trk3801,3766,22
trk3802,3787,22
trk3803,3771,22
trk3804,3779,22
trk3805,3785,22
trk3806,3781,22
trk3807,3774,22
trk3808,3777,22
trk3809,3788,22
trk3810,3767,22
trk3811,3801,21.9
trk3812,3818,21.9
trk3813,3795,21.9
trk3814,3820,21.9
trk3815,3804,21.9
trk3816,3811,21.9
trk3817,3800,21.9
trk3818,3821,21.9
trk3819,3810,21.9
trk3820,3807,21.9
trk3821,3797,21.9
trk3822,3806,21.9
trk3823,3819,21.9
trk3824,3809,21.9
trk3825,3793,21.9
trk3826,3812,21.9
trk3827,3815,21.9
trk3828,3805,21.9
trk3829,3794,21.9
trk3830,3814,21.9
trk3831,3816,21.9
trk3832,3803,21.9
trk3833,3813,21.9
trk3834,3799,21.9
trk3835,3802,21.9
trk3836,3808,21.9
trk3837,3796,21.9
trk3838,3817,21.9
trk3839,3798,21.9
trk3840,3823,21.8
trk3841,3836,21.8
trk3842,3842,21.8
trk3843,3826,21.8
trk3844,3841,21.8
trk3845,3824,21.8
trk3846,3950,21.8
trk3847,3825,21.8
trk3848,3845,21.8
trk3849,3839,21.8
trk3850,3844,21.8
trk3851,3830,21.8
trk3852,3831,21.8
trk3853,3828,21.8
trk3854,3840,21.8
trk3855,3833,21.8
trk3856,3835,21.8
trk3857,3832,21.8
trk3858,3838,21.8
trk3859,3834,21.8
trk3860,3829,21.8
trk3861,3843,21.8
trk3862,3822,21.8
trk3863,3837,21.8
trk3864,3827,21.8
trk3865,3861,21.7
trk3866,3874,21.7
trk3867,3854,21.7
trk3868,3853,21.7
trk3869,3865,21.7
trk3870,3871,21.7
trk3871,3862,21.7
trk3872,3873,21.7
trk3873,3868,21.7
trk3874,3858,21.7
trk3875,3847,21.7
trk3876,3880,21.7
trk3877,3859,21.7
trk3878,3869,21.7
trk3879,3856,21.7
trk3880,3883,21.7
trk3881,3851,21.7
trk3882,3872,21.7
trk3883,3848,21.7
trk3884,3846,21.7
trk3885,3849,21.7
trk3886,3882,21.7
trk3887,3850,21.7
trk3888,3863,21.7
trk3889,3852,21.7
trk3890,3857,21.7
trk3891,3881,21.7
trk3892,3878,21.7
trk3893,3860,21.7
trk3894,3885,21.7
trk3895,3870,21.7
trk3896,3886,21.7
trk3897,3884,21.7
trk3898,3875,21.7
trk3899,3876,21.7
trk3900,3887,21.7
trk3901,3864,21.7
trk3902,3879,21.7
trk3903,3855,21.7
trk3904,3877,21.7
trk3905,3866,21.7
trk3906,3867,21.7
trk3907,3921,21.6
trk3908,3918,21.6
trk3909,3900,21.6
trk3910,3892,21.6
trk3911,3891,21.6
trk3912,3912,21.6
trk3913,3914,21.6
trk3914,3889,21.6
trk3915,3890,21.6
trk3916,3907,21.6
trk3917,3901,21.6
trk3918,3923,21.6
trk3919,3922,21.6
trk3920,3905,21.6
trk3921,3896,21.6
trk3922,3920,21.6
trk3923,3902,21.6
trk3924,3913,21.6
trk3925,3899,21.6
trk3926,3906,21.6
trk3927,3917,21.6
trk3928,3919,21.6
trk3929,3888,21.6
trk3930,3894,21.6
trk3931,3895,21.6
trk3932,3911,21.6
trk3933,3893,21.6
trk3934,3908,21.6
trk3935,3915,21.6
trk3936,3909,21.6
trk3937,3897,21.6
trk3938,3916,21.6
trk3939,3904,21.6
trk3940,3924,21.6
trk3941,3910,21.6
trk3942,3898,21.6
trk3943,3903,21.6
trk3944,3935,21.5
trk3945,3949,21.5
trk3946,3954,21.5
trk3947,3961,21.5
trk3948,3940,21.5
trk3949,3937,21.5
trk3950,3936,21.5
trk3951,3941,21.5
trk3952,3956,21.5
trk3953,3938,21.5
trk3954,3957,21.5
trk3955,3950,21.5
trk3956,3958,21.5
trk3957,3939,21.5
trk3958,3951,21.5
trk3959,3960,21.5
trk3960,3932,21.5
trk3961,3927,21.5
trk3962,3928,21.5
trk3963,3945,21.5
trk3964,3944,21.5
trk3965,3934,21.5
trk3966,3946,21.5
trk3967,3943,21.5
trk3968,3926,21.5
trk3969,3925,21.5
trk3970,3959,21.5
trk3971,3933,21.5
trk3972,3953,21.5
trk3973,3947,21.5
trk3974,3948,21.5
trk3975,3955,21.5
trk3976,3942,21.5
trk3977,3929,21.5
trk3978,3930,21.5
trk3979,3931,21.5
trk3980,3952,21.5
trk3981,3972,21.4
trk3982,3978,21.4
trk3983,3966,21.4
trk3984,3990,21.4
trk3985,3979,21.4
trk3986,3968,21.4
trk3987,3988,21.4
trk3988,3963,21.4
trk3989,3971,21.4
trk3990,3991,21.4
trk3991,3974,21.4
trk3992,3973,21.4
trk3993,3969,21.4
trk3994,3980,21.4
trk3995,3976,21.4
trk3996,3983,21.4
trk3997,3967,21.4
trk3998,3982,21.4
trk3999,3986,21.4
trk4000,3981,21.4
trk4001,3977,21.4
trk4002,3975,21.4
trk4003,3984,21.4
trk4004,3962,21.4
trk4005,3970,21.4
trk4006,3987,21.4
trk4007,3965,21.4
trk4008,3964,21.4
trk4009,3985,21.4
trk4010,3989,21.4
trk4011,3993,21.3
trk4012,4017,21.3
trk4013,4023,21.3
trk4014,4009,21.3
trk4015,4006,21.3
trk4016,4004,21.3
trk4017,4012,21.3
trk4018,4020,21.3
trk4019,3992,21.3
trk4020,4005,21.3
trk4021,4013,21.3
trk4022,4002,21.3
trk4023,4016,21.3
trk4024,4008,21.3
trk4025,4021,21.3
trk4026,3998,21.3
trk4027,3995,21.3
trk4028,4015,21.3
trk4029,3996,21.3
trk4030,3994,21.3
trk4031,4003,21.3
trk4032,3999,21.3
trk4033,4019,21.3
trk4034,4001,21.3
trk4035,4018,21.3
trk4036,4022,21.3
trk4037,3997,21.3
trk4038,4014,21.3
trk4039,4010,21.3
trk4040,4007,21.3
trk4041,4011,21.3
trk4042,4000,21.3
trk4043,4047,21.2
trk4044,4033,21.2
trk4045,4037,21.2
trk4046,4035,21.2
trk4047,4045,21.2
trk4048,4038,21.2
trk4049,4044,21.2
trk4050,4052,21.2
trk4051,4025,21.2
trk4052,4048,21.2
trk4053,4032,21.2
trk4054,4046,21.2
trk4055,4034,21.2
trk4056,4036,21.2
trk4057,4053,21.2
trk4058,4027,21.2
trk4059,4040,21.2
trk4060,4051,21.2
trk4061,4039,21.2
trk4062,4029,21.2
trk4063,4026,21.2
trk4064,4041,21.2
trk4065,4043,21.2
trk4066,4030,21.2
trk4067,4024,21.2
trk4068,4031,21.2
trk4069,4049,21.2
trk4070,4042,21.2
trk4071,4054,21.2
trk4072,4050,21.2
trk4073,4028,21.2
trk4074,4055,21.2
trk4075,4079,21.1
trk4076,4063,21.1
trk4077,4059,21.1
trk4078,4071,21.1
trk4079,4076,21.1
trk4080,4058,21.1
trk4081,4077,21.1
trk4082,4078,21.1
trk4083,4068,21.1
trk4084,4067,21.1
trk4085,4061,21.1
trk4086,4072,21.1
trk4087,4073,21.1
trk4088,4066,21.1
trk4089,4062,21.1
trk4090,4069,21.1
trk4091,4080,21.1
trk4092,4070,21.1
trk4093,4060,21.1
trk4094,4075,21.1
trk4095,4081,21.1
trk4096,4056,21.1
trk4097,4064,21.1
trk4098,4057,21.1
trk4099,4065,21.1
trk4100,4074,21.1
trk4101,4098,21
trk4102,4091,21
trk4103,4101,21
trk4104,4117,21
trk4105,4093,21
trk4106,4085,21
trk4107,4116,21
trk4108,4090,21
trk4109,4087,21
trk4110,4107,21
trk4111,4115,21
trk4112,4097,21
trk4113,4088,21
trk4114,4110,21
trk4115,4082,21
trk4116,4109,21
trk4117,4096,21
trk4118,4099,21
trk4119,4112,21
trk4120,4086,21
trk4121,4106,21
trk4122,4100,21
trk4123,4095,21
trk4124,4118,21
trk4125,4105,21
trk4126,4092,21
trk4127,4113,21
trk4128,4084,21
trk4129,4111,21
trk4130,4114,21
trk4131,4102,21
trk4132,4083,21
trk4133,4104,21
trk4134,4089,21
trk4135,4094,21
trk4136,4103,21
trk4137,4108,21
trk4138,4135,20.9
trk4139,4131,20.9
trk4140,4130,20.9
trk4141,4138,20.9
trk4142,4128,20.9
trk4143,4142,20.9
trk4144,4136,20.9
trk4145,4134,20.9
trk4146,4120,20.9
trk4147,4133,20.9
trk4148,4119,20.9
trk4149,4140,20.9
trk4150,4121,20.9
trk4151,4127,20.9
trk4152,4122,20.9
trk4153,4129,20.9
trk4154,4132,20.9
trk4155,4123,20.9
trk4156,4124,20.9
trk4157,4141,20.9
trk4158,4139,20.9
trk4159,4126,20.9
trk4160,4125,20.9
trk4161,4137,20.9
trk4162,4146,20.8
trk4163,4168,20.8
trk4164,4147,20.8
trk4165,4169,20.8
trk4166,4156,20.8
trk4167,4159,20.8
trk4168,4155,20.8
trk4169,4153,20.8
trk4170,4157,20.8
trk4171,4151,20.8
trk4172,4162,20.8
trk4173,4165,20.8
trk4174,4167,20.8
trk4175,4150,20.8
trk4176,4152,20.8
trk4177,4158,20.8
trk4178,4145,20.8
trk4179,4154,20.8
trk4180,4148,20.8
trk4181,4161,20.8
trk4182,4144,20.8
trk4183,4160,20.8
trk4184,4163,20.8
trk4185,4164,20.8
trk4186,4143,20.8
trk4187,4166,20.8
trk4188,4149,20.8
trk4189,4171,20.7
trk4190,4178,20.7
trk4191,4175,20.7
trk4192,4170,20.7
trk4193,4188,20.7
trk4194,4186,20.7
trk4195,4179,20.7
trk4196,4189,20.7
trk4197,4176,20.7
trk4198,4172,20.7
trk4199,4191,20.7
trk4200,4180,20.7
trk4201,4190,20.7
trk4202,4184,20.7
trk4203,4185,20.7
trk4204,4181,20.7
trk4205,4183,20.7
trk4206,4174,20.7
trk4207,4182,20.7
trk4208,4173,20.7
trk4209,4177,20.7
trk4210,4187,20.7
trk4211,4210,20.6
trk4212,4201,20.6
trk4213,4203,20.6
trk4214,4215,20.6
trk4215,4204,20.6
trk4216,4212,20.6
trk4217,4195,20.6
trk4218,4207,20.6
trk4219,4196,20.6
trk4220,4214,20.6
trk4221,4216,20.6
trk4222,4217,20.6
trk4223,4202,20.6
trk4224,4192,20.6
trk4225,4205,20.6
trk4226,4209,20.6
trk4227,4198,20.6
trk4228,4218,20.6
trk4229,4193,20.6
trk4230,4197,20.6
trk4231,4194,20.6
trk4232,4206,20.6
trk4233,4219,20.6
trk4234,4211,20.6
trk4235,4200,20.6
trk4236,4208,20.6
trk4237,4199,20.6
trk4238,4213,20.6
trk4239,4220,20.6
trk4240,4239,20.5
trk4241,4232,20.5
trk4242,4244,20.5
trk4243,4223,20.5
trk4244,4253,20.5
trk4245,4231,20.5
trk4246,4245,20.5
trk4247,4237,20.5
trk4248,4250,20.5
trk4249,4236,20.5
trk4250,4247,20.5
trk4251,4226,20.5
trk4252,4228,20.5
trk4253,4233,20.5
trk4254,4225,20.5
trk4255,4229,20.5
trk4256,4243,20.5
trk4257,4246,20.5
trk4258,4224,20.5
trk4259,4251,20.5
trk4260,4357,20.5
trk4261,4248,20.5
trk4262,4242,20.5
trk4263,4235,20.5
trk4264,4221,20.5
trk4265,4230,20.5
trk4266,4227,20.5
trk4267,4238,20.5
trk4268,4234,20.5
trk4269,4252,20.5
trk4270,4241,20.5
trk4271,4254,20.5
trk4272,4240,20.5
trk4273,4249,20.5
trk4274,4222,20.5
trk4275,4256,20.5
trk4276,4255,20.5
trk4277,4267,20.4
trk4278,4278,20.4
trk4279,4264,20.4
trk4280,4265,20.4
trk4281,4261,20.4
trk4282,4277,20.4
trk4283,4282,20.4
trk4284,4276,20.4
trk4285,4271,20.4
trk4286,4281,20.4
trk4287,4262,20.4
trk4288,4275,20.4
trk4289,4272,20.4
trk4290,4259,20.4
trk4291,4273,20.4
trk4292,4279,20.4
trk4293,4274,20.4
trk4294,4269,20.4
trk4295,4268,20.4
trk4296,4258,20.4
trk4297,4270,20.4
trk4298,4263,20.4
trk4299,4266,20.4
trk4300,4260,20.4
trk4301,4280,20.4
trk4302,4257,20.4
trk4303,4745,20.3
trk4304,4300,20.3
trk4305,4314,20.3
trk4306,4313,20.3
trk4307,4305,20.3
trk4308,4308,20.3
trk4309,4304,20.3
trk4310,4309,20.3
trk4311,4295,20.3
trk4312,4310,20.3
trk4313,4302,20.3
trk4314,4286,20.3
trk4315,4289,20.3
trk4316,4298,20.3
trk4317,4288,20.3
trk4318,4312,20.3
trk4319,4294,20.3
trk4320,4301,20.3
trk4321,4284,20.3
trk4322,4293,20.3
trk4323,4290,20.3
trk4324,4296,20.3
trk4325,4307,20.3
trk4326,4306,20.3
trk4327,4303,20.3
trk4328,4311,20.3
trk4329,4292,20.3
trk4330,4299,20.3
trk4331,4297,20.3
trk4332,4291,20.3
trk4333,4285,20.3
trk4334,4283,20.3
trk4335,4287,20.3
trk4336,4343,20.2
trk4337,4329,20.2
trk4338,4315,20.2
trk4339,4325,20.2
trk4340,4341,20.2
trk4341,4339,20.2
trk4342,4342,20.2
trk4343,4331,20.2
trk4344,4317,20.2
trk4345,4318,20.2
trk4346,4340,20.2
trk4347,4332,20.2
trk4348,4336,20.2
trk4349,4335,20.2
trk4350,4334,20.2
trk4351,4324,20.2
trk4352,4319,20.2
trk4353,4327,20.2
trk4354,4344,20.2
trk4355,4322,20.2
trk4356,4320,20.2
trk4357,4321,20.2
trk4358,4338,20.2
trk4359,4316,20.2
trk4360,4420,20.2
trk4361,4323,20.2
trk4362,4333,20.2
trk4363,4330,20.2
trk4364,4729,20.2
trk4365,4337,20.2
trk4366,4328,20.2
trk4367,4326,20.2
trk4368,4369,20.1
trk4369,4367,20.1
trk4370,4353,20.1
trk4371,4373,20.1
trk4372,4368,20.1
trk4373,4376,20.1
trk4374,4345,20.1
trk4375,4361,20.1
trk4376,4354,20.1
trk4377,4365,20.1
trk4378,4375,20.1
trk4379,4356,20.1
trk4380,4348,20.1
trk4381,4366,20.1
trk4382,4352,20.1
trk4383,4347,20.1
trk4384,4370,20.1
trk4385,4363,20.1
trk4386,4374,20.1
trk4387,4360,20.1
trk4388,4807,20.1
trk4389,4358,20.1
trk4390,4351,20.1
trk4391,4372,20.1
trk4392,4355,20.1
trk4393,4364,20.1
trk4394,4349,20.1
trk4395,4371,20.1
trk4396,4350,20.1
trk4397,4357,20.1
trk4398,4346,20.1
trk4399,4359,20.1
trk4400,4362,20.1
trk4401,4386,20
trk4402,4388,20
trk4403,4393,20
trk4404,4385,20
trk4405,4379,20
trk4406,4391,20
trk4407,4381,20
trk4408,4377,20
trk4409,4398,20
trk4410,4392,20
trk4411,4383,20
trk4412,4397,20
trk4413,4380,20
trk4414,4396,20
trk4415,4387,20
trk4416,4382,20
trk4417,4390,20
trk4418,4389,20
trk4419,4378,20
trk4420,4384,20
trk4421,4394,20
trk4422,4395,20
trk4423,4410,19.9
trk4424,4419,19.9
trk4425,4406,19.9
trk4426,4417,19.9
trk4427,4404,19.9
trk4428,4418,19.9
trk4429,4399,19.9
trk4430,4415,19.9
trk4431,4412,19.9
trk4432,4879,19.9
trk4433,4409,19.9
trk4434,4401,19.9
trk4435,4402,19.9
trk4436,4400,19.9
trk4437,4405,19.9
trk4438,4403,19.9
trk4439,4407,19.9
trk4440,4422,19.9
trk4441,4416,19.9
trk4442,4408,19.9
trk4443,4423,19.9
trk4444,4420,19.9
trk4445,4421,19.9
trk4446,4424,19.9
trk4447,4411,19.9
trk4448,4414,19.9
trk4449,4413,19.9
trk4450,4431,19.8
trk4451,4449,19.8
trk4452,4427,19.8
trk4453,4426,19.8
trk4454,4450,19.8
trk4455,4430,19.8
trk4456,4451,19.8
trk4457,4446,19.8
trk4458,4452,19.8
trk4459,4428,19.8
trk4460,4438,19.8
trk4461,4441,19.8
trk4462,4434,19.8
trk4463,4425,19.8
trk4464,4453,19.8
trk4465,4429,19.8
trk4466,4447,19.8
trk4467,4439,19.8
trk4468,4437,19.8
trk4469,4432,19.8
trk4470,4454,19.8
trk4471,4445,19.8
trk4472,4442,19.8
trk4473,4436,19.8
trk4474,4433,19.8
trk4475,4435,19.8
trk4476,4444,19.8
trk4477,4443,19.8
trk4478,4448,19.8
trk4479,4440,19.8
trk4480,4493,19.7
trk4481,4473,19.7
trk4482,4490,19.7
trk4483,4464,19.7
trk4484,4487,19.7
trk4485,4479,19.7
trk4486,4478,19.7
trk4487,4494,19.7
trk4488,4458,19.7
trk4489,4465,19.7
trk4490,4481,19.7
trk4491,4488,19.7
trk4492,4455,19.7
trk4493,4463,19.7
trk4494,4469,19.7
trk4495,4466,19.7
trk4496,4461,19.7
trk4497,4462,19.7
trk4498,4457,19.7
trk4499,4486,19.7
trk4500,4467,19.7
trk4501,4468,19.7
trk4502,4472,19.7
trk4503,4475,19.7
trk4504,4460,19.7
trk4505,4459,19.7
trk4506,4471,19.7
trk4507,4480,19.7
trk4508,4476,19.7
trk4509,4483,19.7
trk4510,4477,19.7
trk4511,4491,19.7
trk4512,4474,19.7
trk4513,4482,19.7
trk4514,4485,19.7
trk4515,4484,19.7
trk4516,4489,19.7
trk4517,4492,19.7
trk4518,4470,19.7
trk4519,4456,19.7
trk4520,4518,19.6
trk4521,4532,19.6
trk4522,4522,19.6
trk4523,4510,19.6
trk4524,4503,19.6
trk4525,4499,19.6
trk4526,4500,19.6
trk4527,4525,19.6
trk4528,4516,19.6
trk4529,4514,19.6
trk4530,4533,19.6
trk4531,4515,19.6
trk4532,4531,19.6
trk4533,4998,19.6
trk4534,4504,19.6
trk4535,4506,19.6
trk4536,4497,19.6
trk4537,4530,19.6
trk4538,4528,19.6
trk4539,4511,19.6
trk4540,4507,19.6
trk4541,4509,19.6
trk4542,4498,19.6
trk4543,4524,19.6
trk4544,4505,19.6
trk4545,4523,19.6
trk4546,4520,19.6
trk4547,4496,19.6
trk4548,4526,19.6
trk4549,4501,19.6
trk4550,4529,19.6
trk4551,4521,19.6
trk4552,4508,19.6
trk4553,4519,19.6
trk4554,4512,19.6
trk4555,4517,19.6
trk4556,4513,19.6
trk4557,4502,19.6
trk4558,4495,19.6
trk4559,4527,19.6
trk4560,4548,19.5
trk4561,4552,19.5
trk4562,4547,19.5
trk4563,4542,19.5
trk4564,4563,19.5
trk4565,4545,19.5
trk4566,4539,19.5
trk4567,4559,19.5
trk4568,4566,19.5
trk4569,4564,19.5
trk4570,4543,19.5
trk4571,4546,19.5
trk4572,4549,19.5
trk4573,4536,19.5
trk4574,4555,19.5
trk4575,4561,19.5
trk4576,4557,19.5
trk4577,4551,19.5
trk4578,4538,19.5
trk4579,4550,19.5
trk4580,4560,19.5
trk4581,4535,19.5
trk4582,4565,19.5
trk4583,4544,19.5
trk4584,4541,19.5
trk4585,4553,19.5
trk4586,4537,19.5
trk4587,4556,19.5
trk4588,4554,19.5
trk4589,4562,19.5
trk4590,4534,19.5
trk4591,4558,19.5
trk4592,4540,19.5
trk4593,4595,19.4
trk4594,4587,19.4
trk4595,4599,19.4
trk4596,4585,19.4
trk4597,4575,19.4
trk4598,4571,19.4
trk4599,4591,19.4
trk4600,4593,19.4
